protein_1	P40746
protein_2	Q45358
protein_3	A4IN31
protein_4	O07544
protein_5	P19471
protein_6	A0A1H7AME8
protein_7	A0A1V0B9J6
protein_8	B2UMH5
protein_9	P9WGC6
protein_10	P33647
protein_11	P9WHU5
protein_12	Q2FWY7
protein_13	A0A4R6R6S7
protein_14	A0A5C7QQM1
protein_15	A0A843T4Y0
protein_16	K6Z6P8
protein_17	P30125
protein_18	P9WG55
protein_19	A0A3S0KHU7
protein_20	B0S3V2
protein_21	Q11TG8
protein_22	Q4A647
protein_23	Q9RVL1
protein_24	Q6D7W3
protein_25	C5CHD1
protein_26	Q98JG8
protein_27	B0S9J3
protein_28	Q5UQL3
protein_29	Q5WFT5
protein_30	A5F375
protein_31	Q5FUX0
protein_32	A2BTR7
protein_33	Q72V65
protein_34	P45857
protein_35	Q65NA4
protein_36	P06630
protein_37	Q9S470
protein_38	A1KR91
protein_39	P0AGB6
protein_40	Q8RB77
protein_41	C5DDS4
protein_42	Q2GGS6
protein_43	Q7VQH3
protein_44	P37283
protein_45	Q1LI48
protein_46	Q886F0
protein_47	A0A1H2FKH3
protein_48	P37534
protein_49	P26936
protein_50	C0H3P8
protein_51	A7NM80
protein_52	B7GXS7
protein_53	A1WX32
protein_54	A9NFN7
protein_55	O27350
protein_56	Q2GHU0
protein_57	Q6F148
protein_58	Q2S289
protein_59	O06159
protein_60	Q6MBT2
protein_61	A1U342
protein_62	C0N6S7
protein_63	B5YJL3
protein_64	Q6APZ2
protein_65	A3MZ85
protein_66	B8G4Q6
protein_67	P96711
protein_68	Q8CWP9
protein_69	B9MJZ0
protein_70	Q67S53
protein_71	A9KG88
protein_72	Q9KNG7
protein_73	B9E8V3
protein_74	A5G169
protein_75	A7HNV0
protein_76	Q4JVD5
protein_77	C4K3I5
protein_78	Q6AN63
protein_79	B2UKV6
protein_80	A5ILJ5
protein_81	C0QW93
protein_82	C0ZPK5
protein_83	Q10ZF7
protein_84	P58838
protein_85	Q28VZ6
protein_86	Q6MFA3
protein_87	A0A839HNM6
protein_88	O50274
protein_89	P9WQE9
protein_90	Q2GEF1
protein_91	P25553
protein_92	P9WN45
protein_93	O32723
protein_94	P37541
protein_95	D1J722
protein_96	Q4A5F0
protein_97	A7I199
protein_98	Q1IVV5
protein_99	Q60B18
protein_100	A4G0R6
protein_101	C5CG73
protein_102	Q59659
protein_103	C4K2E2
protein_104	Q6AQI3
protein_105	P35485
protein_106	P47513
protein_107	Q7M825
protein_108	A0A2N2GEY1
protein_109	A0A2W4MCD0
protein_110	A5A616
protein_111	P9WQ63
protein_112	Q8EWN6
protein_113	A6LRN3
protein_114	B3Q970
protein_115	Q04VC9
protein_116	Q3SIN5
protein_117	P71088
protein_118	Q9K5W7
protein_119	Q01368
protein_120	Q5QXL2
protein_121	A5IXT5
protein_122	A4J3D4
protein_123	B6INP2
protein_124	P27206
protein_125	L8EBJ9
protein_126	P0A375
protein_127	A1B964
protein_128	A6LWJ0
protein_129	B0T4U9
protein_130	B5YK93
protein_131	Q0AB61
protein_132	P47481
protein_133	Q6KI22
protein_134	Q8P855
protein_135	E0CTF3
protein_136	A9B6A4
protein_137	P49784
protein_138	Q81FS9
protein_139	P39151
protein_140	Q4L3I4
protein_141	A5CX57
protein_142	A0A495B807
protein_143	A0A4V2FTF6
protein_144	A0A524IKF2
protein_145	A0A5M8Q3F1
protein_146	P55995
protein_147	Q6ME13
protein_148	Q8RGH4
protein_149	P15007
protein_150	A9FA52
protein_151	Q0AKB3
protein_152	Q8A8C3
protein_153	Q7UM31
protein_154	B1YLP7
protein_155	Q2LRN9
protein_156	A0A2N6FBL8
protein_157	B7N3W1
protein_158	P0A850
protein_159	Q46948
protein_160	A5FG89
protein_161	B5EDX8
protein_162	Q65EQ3
protein_163	A4TPU4
protein_164	Q7MF74
protein_165	Q9Z7M0
protein_166	Q1D295
protein_167	P37554
protein_168	O06014
protein_169	P15378
protein_170	P39800
protein_171	Q08430
protein_172	Q1WSX7
protein_173	Q823E7
protein_174	P71500
protein_175	Q7UM96
protein_176	Q0W874
protein_177	A9WFA4
protein_178	Q1AW08
protein_179	Q184Z6
protein_180	Q7UH38
protein_181	B2USZ6
protein_182	W0RIW6
protein_183	P9WMK7
protein_184	A0RH88
protein_185	A5VKT6
protein_186	B0RTZ0
protein_187	B4UEL1
protein_188	Q04FB0
protein_189	P54601
protein_190	Q81QD4
protein_191	P54379
protein_192	O68687
protein_193	P40867
protein_194	A1STE3
protein_195	A9KG91
protein_196	C0R3M5
protein_197	Q1QSW9
protein_198	Q6AC77
protein_199	A0A562I1C0
protein_200	B8I4B9
protein_201	Q03Z46
protein_202	A0LJ41
protein_203	C0ZB49
protein_204	Q6AEC0
protein_205	A9KKU0
protein_206	A5FZ78
protein_207	Q6MGQ3
protein_208	A8EUA0
protein_209	P0A968
protein_210	Q9ZN70
protein_211	P16142
protein_212	Q82WB9
protein_213	Q59097
protein_214	A1RTB8
protein_215	A0A6S6UBM4
protein_216	Q4JX42
protein_217	A1RU43
protein_218	A0A4R4K3K2
protein_219	Q9K8H8
protein_220	B1I1P4
protein_221	Q63DL7
protein_222	A1AIK9
protein_223	P0A707
protein_224	P54616
protein_225	A0L516
protein_226	B3CLB3
protein_227	Q3SKM1
protein_228	P76612
protein_229	Q46865
protein_230	A0A3N1P155
protein_231	P0ADP0
protein_232	P9WH77
protein_233	P9WK89
protein_234	P07860
protein_235	Q0SRD5
protein_236	Q47NU8
protein_237	A0JXB5
protein_238	B2IQT4
protein_239	P48214
protein_240	A9FCY5
protein_241	P74459
protein_242	Q6ML73
protein_243	Q8XKG8
protein_244	Q0E3C8
protein_245	A9KQ46
protein_246	P19940
protein_247	O34573
protein_248	Q00758
protein_249	Q9KCF1
protein_250	P45161
protein_251	B0RVU1
protein_252	Q5YVL4
protein_253	A3MSM9
protein_254	C3MQK7
protein_255	Q1LHM4
protein_256	Q1LI37
protein_257	Q1LIM7
protein_258	Q1LJA4
protein_259	P30334
protein_260	P42065
protein_261	Q45706
protein_262	A4ISB5
protein_263	O31625
protein_264	P22065
protein_265	Q30RQ5
protein_266	Q59106
protein_267	O66119
protein_268	P08064
protein_269	A9GD65
protein_270	Q6L1F4
protein_271	Q9JW77
protein_272	B7J0N1
protein_273	A5EY43
protein_274	B0SAE4
protein_275	A1KM65
protein_276	A6QCE8
protein_277	B0TU65
protein_278	B7IDS3
protein_279	Q0AN24
protein_280	O35002
protein_281	O32032
protein_282	Q05523
protein_283	O32721
protein_284	P26497
protein_285	Q8FM79
protein_286	A2RIT7
protein_287	B8D7W9
protein_288	Q5LUZ4
protein_289	Q8XWR3
protein_290	Q5QWA0
protein_291	Q9X5G1
protein_292	Q89MI2
protein_293	A6LCB6
protein_294	P09662
protein_295	P37559
protein_296	P49016
protein_297	A4YJM2
protein_298	B0T669
protein_299	C0QU08
protein_300	B0SHT2
protein_301	O69267
protein_302	Q2NAJ5
protein_303	A1TZE0
protein_304	C6VKW6
protein_305	Q1RGP0
protein_306	A0LEF5
protein_307	O51879
protein_308	P0AD03
protein_309	Q6A662
protein_310	Q8EFF7
protein_311	P59105
protein_312	Q898B8
protein_313	A5UK48
protein_314	Q2LXR3
protein_315	P54468
protein_316	A5VY92
protein_317	A8EWT6
protein_318	A4XU74
protein_319	B6YQT1
protein_320	O34779
protein_321	P26905
protein_322	Q1QET5
protein_323	Q8KCD8
protein_324	A0AIF6
protein_325	B2S3B8
protein_326	Q30S45
protein_327	O51683
protein_328	Q4ZWE0
protein_329	Q8TGX8
protein_330	A4XJL4
protein_331	B3PN08
protein_332	Q2J7H0
protein_333	A3DEN2
protein_334	O07634
protein_335	Q52812
protein_336	Q8YDM5
protein_337	Q46851
protein_338	A6VMQ9
protein_339	B4SG55
protein_340	Q0BX02
protein_341	Q56236
protein_342	Q2RWQ0
protein_343	Q88YK2
protein_344	A0A1I3B251
protein_345	Q3ACA8
protein_346	Q88WP5
protein_347	B0TBY2
protein_348	A5EV65
protein_349	Q0ATU6
protein_350	Q3AMB9
protein_351	Q8KB35
protein_352	P75247
protein_353	Q1LIL8
protein_354	P49785
protein_355	Q45832
protein_356	A7Z570
protein_357	A0A1E4K3N4
protein_358	P20964
protein_359	P19638
protein_360	Q9K2S2
protein_361	P05519
protein_362	P37522
protein_363	Q607R4
protein_364	A0K5F9
protein_365	B9JRA7
protein_366	Q2GIG5
protein_367	Q8K9R5
protein_368	P9WGE4
protein_369	P0A151
protein_370	P75551
protein_371	A0A369WGD1
protein_372	A1AW41
protein_373	B4RXY7
protein_374	Q1LI46
protein_375	Q1LLP5
protein_376	Q1LP27
protein_377	Q1LLG9
protein_378	Q0VQU6
protein_379	P9WKC7
protein_380	P9WKB7
protein_381	P9WL66
protein_382	P70962
protein_383	Q8ETS4
protein_384	Q01367
protein_385	Q9TM05
protein_386	A6QBG7
protein_387	Q47W31
protein_388	A0Q5I2
protein_389	B5YF84
protein_390	Q9HM60
protein_391	O67480
protein_392	Q1GSC9
protein_393	Q7VJX1
protein_394	B8D7B3
protein_395	P66808
protein_396	A0RNG2
protein_397	A7HSK9
protein_398	C0QXH9
protein_399	Q2NIG1
protein_400	Q7M901
protein_401	Q6F150
protein_402	B3WEQ7
protein_403	A5VLU9
protein_404	C1A9H6
protein_405	A0LN68
protein_406	A0RBT0
protein_407	Q5L8X0
protein_408	A5IKG7
protein_409	Q04E23
protein_410	Q6A811
protein_411	Q2NJE3
protein_412	Q7MVE7
protein_413	P50512
protein_414	A1TZ36
protein_415	B1YIY2
protein_416	P23974
protein_417	A4FX27
protein_418	B0C1T8
protein_419	B9MKR9
protein_420	Q2G3F4
protein_421	A9NGL1
protein_422	Q169H6
protein_423	Q3SFG5
protein_424	A0B7N4
protein_425	B1YGC2
protein_426	Q8ZUE9
protein_427	Q59939
protein_428	D5TM67
protein_429	C0SP90
protein_430	Q03524
protein_431	O83824
protein_432	Q331R1
protein_433	A5D2K7
protein_434	A9BHW9
protein_435	P52644
protein_436	A5FUG6
protein_437	B3P2A7
protein_438	Q4L610
protein_439	Q98KJ4
protein_440	B2V8C0
protein_441	Q7VQZ1
protein_442	A5FS65
protein_443	O67942
protein_444	Q93GT6
protein_445	Q1LQF6
protein_446	Q1QXW0
protein_447	P71073
protein_448	Q99031
protein_449	O06717
protein_450	P04835
protein_451	P41028
protein_452	Q93R28
protein_453	A6W1R8
protein_454	C4LD03
protein_455	Q6AF65
protein_456	Q9PKE2
protein_457	Q1LI54
protein_458	Q1LL91
protein_459	Q1LNE1
protein_460	Q1LKH7
protein_461	P33987
protein_462	Q12PV1
protein_463	Q6YR70
protein_464	B1I5Z0
protein_465	Q8FMF7
protein_466	P0A4N9
protein_467	A1AX35
protein_468	A5WDN1
protein_469	B0SBH8
protein_470	B4RGS2
protein_471	Q03VI2
protein_472	B5FAW8
protein_473	Q8RBR5
protein_474	P13830
protein_475	Q7UW59
protein_476	A5WH04
protein_477	B9KZS7
protein_478	Q67LB8
protein_479	P21881
protein_480	A0A2G6NCJ7
protein_481	O67786
protein_482	Q55F83
protein_483	Q8ZYE7
protein_484	Q045Q9
protein_485	Q1LLX1
protein_486	A0A841HKJ7
protein_487	A0A8H8XU82
protein_488	I4N3B7
protein_489	A0A3M4J170
protein_490	A0Q6S4
protein_491	A5V3W0
protein_492	B0K1A4
protein_493	B4U6P0
protein_494	Q049I6
protein_495	O34507
protein_496	P0AC28
protein_497	P9WI31
protein_498	P14892
protein_499	P39650
protein_500	A0A2N0BQ91
protein_501	A0A2V7RFR5
protein_502	B2KE93
protein_503	O67939
protein_504	Q31EL5
protein_505	Q1RGT4
protein_506	P17867
protein_507	A4J9S1
protein_508	A9WKE3
protein_509	Q0BW92
protein_510	Q3YT72
protein_511	Q8Y3H5
protein_512	A0A1W6EDJ1
protein_513	A4XKM9
protein_514	Q7UWD1
protein_515	P06202
protein_516	Q2NIH7
protein_517	A5IXJ1
protein_518	Q6ABX9
protein_519	P80478
protein_520	B8D5I6
protein_521	Q2GLU9
protein_522	Q8KRC9
protein_523	A0L673
protein_524	B2U987
protein_525	Q493W6
protein_526	A0Q7F1
protein_527	A8EY32
protein_528	B8DT61
protein_529	Q15UD4
protein_530	Q5NRL4
protein_531	Q15N19
protein_532	A0A0B5K7Z7
protein_533	A0A1E4B4K2
protein_534	B2XTF7
protein_535	D5D8E3
protein_536	Q6KHA4
protein_537	B0S3V1
protein_538	Q2NJ23
protein_539	Q0SRK8
protein_540	Q4L9R5
protein_541	B1I516
protein_542	A0LDB8
protein_543	B1AI43
protein_544	P08164
protein_545	Q7WY62
protein_546	P31112
protein_547	A1AV43
protein_548	A7I145
protein_549	O25991
protein_550	Q2RFI8
protein_551	Q7MVZ2
protein_552	A0A3N5LN64
protein_553	Q1LSR7
protein_554	Q83N13
protein_555	P60593
protein_556	O51395
protein_557	P0A2V4
protein_558	A1U4C6
protein_559	A7GW99
protein_560	B1VDE1
protein_561	B8DNS7
protein_562	Q0VME6
protein_563	A0A1G2YYQ5
protein_564	P9WGH3
protein_565	Q6MTF4
protein_566	Q97FT9
protein_567	Q24YW4
protein_568	A9NHL6
protein_569	A0A7D5HEI9
protein_570	Q5YYN2
protein_571	Q98HW8
protein_572	A0A556APN5
protein_573	A1KSH0
protein_574	A9IGC0
protein_575	C0QX60
protein_576	A1S6X9
protein_577	C4Z9Q0
protein_578	Q97JM5
protein_579	B0R502
protein_580	Q5JGR7
protein_581	A0A150RKP0
protein_582	A0PX77
protein_583	A7GYZ1
protein_584	B3ETH9
protein_585	Q2GIJ8
protein_586	Q73GH3
protein_587	Q93JL5
protein_588	P0A6M4
protein_589	P31678
protein_590	P0A523
protein_591	A3DF24
protein_592	P42064
protein_593	Q45705
protein_594	A4IPX4
protein_595	P60967
protein_596	Q72TF8
protein_597	Q9KWS8
protein_598	A9HBY2
protein_599	P60970
protein_600	Q7M7S6
protein_601	Q9RX92
protein_602	A0A0F3KP67
protein_603	A0A127K7P4
protein_604	Q1LH07
protein_605	Q48JX9
protein_606	O07919
protein_607	A2QJX5
protein_608	Q9HY23
protein_609	B9KAB9
protein_610	Q601X8
protein_611	P22034
protein_612	A9B3R2
protein_613	O52164
protein_614	A0A7Y9IQT2
protein_615	P17896
protein_616	P16497
protein_617	Q99027
protein_618	P02964
protein_619	P37466
protein_620	Q7M9A6
protein_621	O53223
protein_622	I6YBZ8
protein_623	A4FFQ6
protein_624	B2V7G7
protein_625	Q4JAV3
protein_626	O31754
protein_627	Q03E71
protein_628	A4XYG4
protein_629	O51064
protein_630	P16919
protein_631	P0ABH9
protein_632	P13669
protein_633	A0A3E0DSU6
protein_634	A0A3N9QN08
protein_635	P13801
protein_636	P10727
protein_637	Q7WY77
protein_638	P32959
protein_639	P61974
protein_640	A5VSQ0
protein_641	P75391
protein_642	Q9ZNX9
protein_643	O31810
protein_644	Q7W0H1
protein_645	A1SJZ1
protein_646	A7MWQ3
protein_647	B7J1I6
protein_648	Q0C618
protein_649	Q48A23
protein_650	Q8D318
protein_651	B2T1B6
protein_652	Q5SKS1
protein_653	Q9ZJJ7
protein_654	B8GT02
protein_655	A6LJZ9
protein_656	A0A257DCT5
protein_657	B2S4Q0
protein_658	Q1LPK6
protein_659	Q1LIP9
protein_660	Q1LSF7
protein_661	A0A257SLN8
protein_662	B4U7U4
protein_663	P46469
protein_664	Q6MDI5
protein_665	B1I6S1
protein_666	Q2SR15
protein_667	Q8GH80
protein_668	A5FQU1
protein_669	B8DQF5
protein_670	Q5R065
protein_671	Q97M68
protein_672	A0A6H9I257
protein_673	A0A7H8Q287
protein_674	A0A7X7ST29
protein_675	P0A345
protein_676	Q5PAS6
protein_677	Q9F3P9
protein_678	Q31IT2
protein_679	Q1LNF6
protein_680	Q8RH88
protein_681	A6LMN4
protein_682	B1ZWP5
protein_683	Q1Q7V4
protein_684	Q6FYB8
protein_685	A0A3M8QXD6
protein_686	Q1LM83
protein_687	I6Y2J4
protein_688	P9WFD9
protein_689	P17160
protein_690	Q79FV4
protein_691	P9WNF7
protein_692	Q49807
protein_693	P9WHV9
protein_694	Q9RXI7
protein_695	A0A0K0XUH6
protein_696	F0RNX5
protein_697	P32689
protein_698	A0A0S3QTC6
protein_699	A4XIB6
protein_700	Q04F27
protein_701	Q2G203
protein_702	A0L5T9
protein_703	Q8KCD7
protein_704	A5FVL8
protein_705	B8G5Z3
protein_706	P37970
protein_707	P49940
protein_708	Q2NGI3
protein_709	Q4L6C4
protein_710	Q86HX0
protein_711	D0VWV4
protein_712	A8MM16
protein_713	Q5WD36
protein_714	O06723
protein_715	Q65IG4
protein_716	A0RI42
protein_717	B1AIH2
protein_718	Q2IIK1
protein_719	Q74FF1
protein_720	P42378
protein_721	A1JP11
protein_722	B1XPT1
protein_723	Q7V8Z1
protein_724	A5FRL6
protein_725	Q1IQH8
protein_726	Q2S5P8
protein_727	Q8RB29
protein_728	A8A8T7
protein_729	Q5SKD6
protein_730	O34991
protein_731	A4SZR9
protein_732	B2GBQ4
protein_733	P38523
protein_734	O66640
protein_735	Q4FLS2
protein_736	A0A1H2XGY5
protein_737	Q04E62
protein_738	A5EXZ5
protein_739	O84079
protein_740	A0A140HL52
protein_741	A0A1H7APH3
protein_742	A0A1X9NNS7
protein_743	Q1LPA2
protein_744	Q1LLG0
protein_745	Q1LM63
protein_746	P44424
protein_747	B5YAR4
protein_748	B7J0N5
protein_749	P49825
protein_750	Q83FV7
protein_751	B1XYL1
protein_752	Q2WBG9
protein_753	A2BNE2
protein_754	B0R3H6
protein_755	O66745
protein_756	P24808
protein_757	O88989
protein_758	Q7VP41
protein_759	Q54C70
protein_760	P33073
protein_761	A1BE51
protein_762	Q2S3H9
protein_763	Q4VKV0
protein_764	P9WPB7
protein_765	P48933
protein_766	A5UIW0
protein_767	Q7NG92
protein_768	A5CS10
protein_769	Q18KL6
protein_770	Q5L1S1
protein_771	A1BHN9
protein_772	A4J5Q1
protein_773	A8F5B3
protein_774	B2UBL0
protein_775	O32062
protein_776	P24139
protein_777	Q31GP3
protein_778	Q820U0
protein_779	B0K431
protein_780	P67710
protein_781	A0A4Z0QED2
protein_782	P22997
protein_783	P39920
protein_784	P9WJQ1
protein_785	P9WIZ9
protein_786	P9WL04
protein_787	O30917
protein_788	P39570
protein_789	Q8KML7
protein_790	A5II42
protein_791	B9JZ26
protein_792	B8IJ00
protein_793	A0Q210
protein_794	A6UWS5
protein_795	B3EEG6
protein_796	P62467
protein_797	Q30PJ5
protein_798	Q7U347
protein_799	A8FFT6
protein_800	Q481H3
protein_801	O34375
protein_802	B4JSP3
protein_803	Q04DH2
protein_804	Q6INX4
protein_805	A7HQQ1
protein_806	Q8EW28
protein_807	B2I6F7
protein_808	Q38W92
protein_809	Q6YPM0
protein_810	Q9L516
protein_811	O06720
protein_812	P0A3T7
protein_813	P45693
protein_814	Q5WHU1
protein_815	O07949
protein_816	A0A1H3NCN7
protein_817	A0A1Q7GVB9
protein_818	A0A1W9IW01
protein_819	P39048
protein_820	Q813A6
protein_821	P0C058
protein_822	P52643
protein_823	A9KH99
protein_824	P46888
protein_825	P9WLA3
protein_826	P21499
protein_827	P55798
protein_828	A9WGB5
protein_829	A0A7Y6Z670
protein_830	Q06823
protein_831	Q9KDL8
protein_832	Q8RB27
protein_833	P75528
protein_834	B0S1F7
protein_835	P52941
protein_836	Q5KVB2
protein_837	B1YK88
protein_838	Q2J8M1
protein_839	Q82A79
protein_840	A6QBN8
protein_841	C8W731
protein_842	Q2NIN5
protein_843	A1BCG1
protein_844	Q058G2
protein_845	Q1LPW2
protein_846	Q1LHK8
protein_847	Q1LKN1
protein_848	A0A3L7E0P8
protein_849	P21340
protein_850	P24138
protein_851	Q9RNV1
protein_852	P06653
protein_853	P37548
protein_854	Q1LI41
protein_855	Q1LS73
protein_856	Q1LQ33
protein_857	B2US28
protein_858	Q6MGU4
protein_859	P0AFM6
protein_860	P33906
protein_861	A9GBF1
protein_862	O83110
protein_863	Q5YZX0
protein_864	Q2RJG0
protein_865	Q7MBE2
protein_866	Q7UNQ8
protein_867	A5D6D2
protein_868	Q1AWE7
protein_869	P0AAS5
protein_870	A1RS58
protein_871	C0H3X8
protein_872	P16450
protein_873	P29272
protein_874	B7J1B1
protein_875	P9WPS8
protein_876	P9WI81
protein_877	Q9KI10
protein_878	Q93N69
protein_879	P71021
protein_880	A0LZ43
protein_881	A5GQ35
protein_882	A9W640
protein_883	O31510
protein_884	P16480
protein_885	A0A2V8IZT0
protein_886	C3XR70
protein_887	Q0W8C9
protein_888	Q7NAY0
protein_889	A5CDI3
protein_890	A9AY15
protein_891	C5CD61
protein_892	Q255V8
protein_893	Q98PE4
protein_894	B2S1Z2
protein_895	P9WGE2
protein_896	A7I2C6
protein_897	P94497
protein_898	Q9KAI7
protein_899	Q08309
protein_900	P50864
protein_901	A8GV67
protein_902	P42641
protein_903	P9WKB1
protein_904	P9WLS3
protein_905	P9WM80
protein_906	Q93LK7
protein_907	P37956
protein_908	P28264
protein_909	Q1LP76
protein_910	P28368
protein_911	P9WMU9
protein_912	P9WMU3
protein_913	P9WMA4
protein_914	Q0W8X1
protein_915	P12033
protein_916	B1YF09
protein_917	A0LGB7
protein_918	B2J722
protein_919	B5XXW1
protein_920	P0A800
protein_921	P96614
protein_922	A5EWF3
protein_923	B3QSJ7
protein_924	Q4A5T2
protein_925	Q8K9T6
protein_926	Q5SK28
protein_927	Q83AH2
protein_928	B0S1Q1
protein_929	P61492
protein_930	Q6C8V1
protein_931	A2RGR2
protein_932	Q7VJY3
protein_933	Q1LPS6
protein_934	P0A377
protein_935	P37963
protein_936	Q03749
protein_937	Q8RIA6
protein_938	A8F840
protein_939	Q5YTE0
protein_940	P40779
protein_941	A9EZV5
protein_942	Q00839
protein_943	A8EWH6
protein_944	A0A1I7GAE8
protein_945	B2A469
protein_946	Q4FNR6
protein_947	P0AC84
protein_948	P18133
protein_949	A8ZX50
protein_950	B8J198
protein_951	Q3A701
protein_952	P54518
protein_953	A8EUE8
protein_954	Q4JWV0
protein_955	P38947
protein_956	P14738
protein_957	Q02A69
protein_958	Q601U1
protein_959	A2C5F4
protein_960	Q9PJ25
protein_961	P0A9T4
protein_962	P9WP46
protein_963	P0AD61
protein_964	A0A6I2GN15
protein_965	Q5FSL4
protein_966	A0RZ01
protein_967	A3CL43
protein_968	B5YDZ9
protein_969	Q6MKB4
protein_970	P9WKC9
protein_971	P9WKC1
protein_972	P9WLN8
protein_973	P33074
protein_974	A5EX54
protein_975	Q1IPZ8
protein_976	Q72UP9
protein_977	A0RJ87
protein_978	B3ERM8
protein_979	Q2S030
protein_980	Q8XIT1
protein_981	A0RQC0
protein_982	B3ES99
protein_983	Q61510
protein_984	Q5N1L4
protein_985	Q9RTR6
protein_986	B5ZAG0
protein_987	Q83GK3
protein_988	P52688
protein_989	P28616
protein_990	Q73Q15
protein_991	O67118
protein_992	A9IYN9
protein_993	Q0BXH7
protein_994	A6QAL0
protein_995	B2IJQ3
protein_996	A0A6J4KEF1
protein_997	Q465J4
protein_998	P52037
protein_999	A7HT37
protein_1000	Q67SI3
protein_1001	A0AK41
protein_1002	A9NE17
protein_1003	D0MGU8
protein_1004	Q3A579
protein_1005	Q7CQE0
protein_1006	P50739
protein_1007	F1C7I4
protein_1008	Q6MAA3
protein_1009	P52900
protein_1010	Q54EW8
protein_1011	A0LRU4
protein_1012	A0A2W4PBR8
protein_1013	O05391
protein_1014	P14016
protein_1015	Q5FGT9
protein_1016	P16263
protein_1017	Q1RJT3
protein_1018	P63725
protein_1019	B2V8I4
protein_1020	P9WI79
protein_1021	Q1MIB2
protein_1022	Q8FEY5
protein_1023	Q1LTZ4
protein_1024	H8ZPX2
protein_1025	P9WMQ1
protein_1026	Q2FZE3
protein_1027	Q8YDK9
protein_1028	C4K4I4
protein_1029	P75144
protein_1030	A4XIT8
protein_1031	A0A221SUR3
protein_1032	A0A2E0Z0L1
protein_1033	A2C7F4
protein_1034	B7J1T5
protein_1035	Q5FL71
protein_1036	Q8R6A3
protein_1037	P43811
protein_1038	A0A077LLG7
protein_1039	A0A0L0M666
protein_1040	C1A1M0
protein_1041	O34600
protein_1042	A0LIN8
protein_1043	P64476
protein_1044	A7HGZ0
protein_1045	Q5NPS5
protein_1046	A2BZ91
protein_1047	A4FBF7
protein_1048	B5YJ32
protein_1049	Q7UXN7
protein_1050	A4XN51
protein_1051	B0K5N4
protein_1052	Q11CN2
protein_1053	Q47U36
protein_1054	Q98RJ5
protein_1055	Q7VQW3
protein_1056	A5V5Q2
protein_1057	B2V8C9
protein_1058	Q03MR7
protein_1059	Q3IYI4
protein_1060	A5W382
protein_1061	C7N1I1
protein_1062	Q2JNP0
protein_1063	A0RQV2
protein_1064	Q02D35
protein_1065	P0A9B6
protein_1066	B3CLI3
protein_1067	Q67J34
protein_1068	A3M8W8
protein_1069	A0A1H4A6I2
protein_1070	A0A1S2VN93
protein_1071	P07621
protein_1072	P72479
protein_1073	P9WGK3
protein_1074	H8EUF2
protein_1075	P9WM83
protein_1076	A0A0H3CCX2
protein_1077	O85467
protein_1078	O53368
protein_1079	A8ZRW7
protein_1080	A0A427DT99
protein_1081	A0A4R4BMI5
protein_1082	P35489
protein_1083	B0RPQ9
protein_1084	Q9LA06
protein_1085	B2RII6
protein_1086	A0A2N2ZYD0
protein_1087	A0A2W5T1R9
protein_1088	P45870
protein_1089	Q45774
protein_1090	A7Z2J3
protein_1091	O31428
protein_1092	A9WJ45
protein_1093	A1BCU6
protein_1094	A8F732
protein_1095	Q2SR47
protein_1096	Q7UJI3
protein_1097	A0A7D5V817
protein_1098	P0C0L2
protein_1099	A5GR42
protein_1100	A6SX19
protein_1101	C1F3T7
protein_1102	A0PXM8
protein_1103	C5CES8
protein_1104	Q1D491
protein_1105	P49781
protein_1106	P37874
protein_1107	Q2N786
protein_1108	Q834C0
protein_1109	Q1LLJ5
protein_1110	Q1LNG5
protein_1111	Q1LH91
protein_1112	Q1LS40
protein_1113	A0KEG8
protein_1114	A0A085WC54
protein_1115	A0A0N1L185
protein_1116	Q1LPR2
protein_1117	Q2SCH0
protein_1118	P84585
protein_1119	O06718
protein_1120	P07786
protein_1121	P42062
protein_1122	Q5L0J5
protein_1123	Q03JN2
protein_1124	A5CCM6
protein_1125	Q2NAU5
protein_1126	Q7M800
protein_1127	P63187
protein_1128	Q70WY9
protein_1129	Q3K543
protein_1130	Q8D2N5
protein_1131	A0A7X5WFM4
protein_1132	Q9CKD6
protein_1133	A1VXT4
protein_1134	A8GJU8
protein_1135	O31775
protein_1136	A5FS18
protein_1137	B7T1V0
protein_1138	B1ZWP4
protein_1139	Q4A909
protein_1140	Q5WG56
protein_1141	P21883
protein_1142	P35721
protein_1143	B8J3C2
protein_1144	Q1H1I4
protein_1145	B7UQ15
protein_1146	P0A898
protein_1147	Q93K97
protein_1148	A5I3B0
protein_1149	B5RL78
protein_1150	Q2NGM5
protein_1151	I6Y9Q3
protein_1152	B9DMK9
protein_1153	Q04Q03
protein_1154	P12859
protein_1155	A0R006
protein_1156	O53590
protein_1157	A0A0U5IHF7
protein_1158	P54507
protein_1159	P37475
protein_1160	O05495
protein_1161	Q3A2Z3
protein_1162	P94390
protein_1163	P68924
protein_1164	A4J8T4
protein_1165	C6BVR1
protein_1166	P37817
protein_1167	P26937
protein_1168	D5DQW6
protein_1169	P0A370
protein_1170	P37575
protein_1171	Q044A8
protein_1172	Q7VG06
protein_1173	Q253K1
protein_1174	B1AIT6
protein_1175	Q1LSP7
protein_1176	C5DXI0
protein_1177	Q2H683
protein_1178	Q828K9
protein_1179	P40893
protein_1180	Q1LJV9
protein_1181	A0A1H4APC4
protein_1182	Q733L9
protein_1183	P07789
protein_1184	Q9Z4Z5
protein_1185	A1V9Q3
protein_1186	O25890
protein_1187	Q31I08
protein_1188	P76004
protein_1189	C5CER8
protein_1190	A1TSJ4
protein_1191	B9L603
protein_1192	A0A658K437
protein_1193	A0A6I2GUB1
protein_1194	Q45790
protein_1195	C0H450
protein_1196	Q5WG37
protein_1197	P56411
protein_1198	B7IFE0
protein_1199	P59698
protein_1200	Q6AM97
protein_1201	Q9Z7A6
protein_1202	Q7NAZ3
protein_1203	Q1LKN4
protein_1204	B3E171
protein_1205	P60936
protein_1206	A0A1H7S004
protein_1207	C4R1T9
protein_1208	Q17Q32
protein_1209	Q7QDY3
protein_1210	P12254
protein_1211	P31845
protein_1212	A7MHU5
protein_1213	A3M8D6
protein_1214	A9HI81
protein_1215	B8J0P3
protein_1216	Q1GY95
protein_1217	A1KFH3
protein_1218	A9GHU4
protein_1219	B8IJD7
protein_1220	A8EXC3
protein_1221	Q252Y3
protein_1222	Q67LG6
protein_1223	A4QCC4
protein_1224	O29741
protein_1225	O31606
protein_1226	Q9ZH99
protein_1227	Q6A5N5
protein_1228	A4WHH5
protein_1229	Q02CB5
protein_1230	Q55143
protein_1231	B8IHL2
protein_1232	Q1LLW8
protein_1233	Q1LSC9
protein_1234	Q1LQ34
protein_1235	A2RIX0
protein_1236	P9WMH7
protein_1237	B3EQM3
protein_1238	O67162
protein_1239	Q9ZE99
protein_1240	A5CSL4
protein_1241	Q6CM87
protein_1242	A5IJR7
protein_1243	Q83FI1
protein_1244	Q1LHL1
protein_1245	Q1LI28
protein_1246	C3MWB6
protein_1247	Q2RKY8
protein_1248	Q8DKW4
protein_1249	O84716
protein_1250	P94532
protein_1251	Q72LP2
protein_1252	A0AI95
protein_1253	A5EXM7
protein_1254	A9G9R0
protein_1255	B3ES47
protein_1256	A0A2M7SMD9
protein_1257	A0A431TYP4
protein_1258	A5UMH8
protein_1259	B2HFY7
protein_1260	Q30UH8
protein_1261	Q89CK8
protein_1262	Q06277
protein_1263	A6SRT0
protein_1264	Q9ZIU5
protein_1265	O06721
protein_1266	A9B5N1
protein_1267	O66921
protein_1268	Q5H432
protein_1269	Q826F2
protein_1270	P76073
protein_1271	A9KL08
protein_1272	B3R0E8
protein_1273	Q03G75
protein_1274	B0R7Q0
protein_1275	Q5L5E3
protein_1276	Q0SR42
protein_1277	Q20EV4
protein_1278	B3ENQ2
protein_1279	Q7UJK7
protein_1280	A4IQF5
protein_1281	Q61624
protein_1282	A7HU88
protein_1283	B9KDV7
protein_1284	Q1QAN0
protein_1285	Q4FNQ0
protein_1286	Q9RUG2
protein_1287	A2BZC9
protein_1288	B5Y8M4
protein_1289	Q6KH93
protein_1290	A0A1W1VID3
protein_1291	A0A0H3KDT7
protein_1292	Q9XC07
protein_1293	P46487
protein_1294	Q979N9
protein_1295	O66113
protein_1296	P07014
protein_1297	A3DLR9
protein_1298	Q1GKS4
protein_1299	Q8G6C6
protein_1300	Q97BG8
protein_1301	B2KCP2
protein_1302	Q2Y9K0
protein_1303	Q5UXT1
protein_1304	A3DM32
protein_1305	C0ZH53
protein_1306	Q7BVT7
protein_1307	Q1RJU4
protein_1308	Q08312
protein_1309	A0RH02
protein_1310	P37531
protein_1311	Q45495
protein_1312	B0TYF3
protein_1313	P0A0R3
protein_1314	Q5FRJ1
protein_1315	Q979Z9
protein_1316	Q18CT6
protein_1317	Q1LI47
protein_1318	Q8ZA49
protein_1319	Q93LK8
protein_1320	P39620
protein_1321	P31114
protein_1322	O05231
protein_1323	P39043
protein_1324	Q07765
protein_1325	A0RHX9
protein_1326	O06722
protein_1327	P11863
protein_1328	B5YAR3
protein_1329	A6KXS5
protein_1330	C1CZB4
protein_1331	A0LR74
protein_1332	C1F8X6
protein_1333	Q6L1R3
protein_1334	P05853
protein_1335	B0TCL9
protein_1336	Q5YTI1
protein_1337	Q49XM4
protein_1338	O34656
protein_1339	P39066
protein_1340	Q1LIA8
protein_1341	Q1LIB2
protein_1342	Q1LRM9
protein_1343	Q1LKI4
protein_1344	C3NQJ0
protein_1345	A1ANV1
protein_1346	A8FYL1
protein_1347	B8GNX0
protein_1348	O25098
protein_1349	B2S4P7
protein_1350	Q05971
protein_1351	Q6MEY2
protein_1352	A9KSJ2
protein_1353	Q8KTR9
protein_1354	Q1LI60
protein_1355	A0A351Z3Y0
protein_1356	B0T6E0
protein_1357	Q181S7
protein_1358	Q2GKR7
protein_1359	Q72Q66
protein_1360	A3M319
protein_1361	P57845
protein_1362	Q9RTK7
protein_1363	O67588
protein_1364	Q5HHB0
protein_1365	Q83EL0
protein_1366	B8G0L2
protein_1367	Q6MGL6
protein_1368	Q1IHC2
protein_1369	Q602M5
protein_1370	A8MV81
protein_1371	A0JWX7
protein_1372	A5V412
protein_1373	Q72DW7
protein_1374	Q9P5U4
protein_1375	B0S1S0
protein_1376	Q05888
protein_1377	B8CXL0
protein_1378	Q39QP7
protein_1379	Q7VBL0
protein_1380	Q44264
protein_1381	A5DIR2
protein_1382	B3CL71
protein_1383	P76621
protein_1384	P9WGP9
protein_1385	Q8A2H2
protein_1386	A4SE82
protein_1387	A8M7W9
protein_1388	B2UPK2
protein_1389	B9KIU4
protein_1390	Q1QY27
protein_1391	Q31FD3
protein_1392	Q7UM33
protein_1393	P64508
protein_1394	P08780
protein_1395	Q79G04
protein_1396	Q6MBM7
protein_1397	O53168
protein_1398	H8F3R6
protein_1399	P0AA73
protein_1400	Q8A2F6
protein_1401	O86169
protein_1402	A3QBM7
protein_1403	A9KNK1
protein_1404	O86308
protein_1405	P49939
protein_1406	A0A4V5MR24
protein_1407	A0A524KLP8
protein_1408	B7J0R6
protein_1409	Q0AYB0
protein_1410	Q1LNE7
protein_1411	Q1LK34
protein_1412	Q1LJN4
protein_1413	Q1LAT0
protein_1414	P73658
protein_1415	Q31FV4
protein_1416	Q7WY72
protein_1417	P9WQ37
protein_1418	Q9X597
protein_1419	O06719
protein_1420	P07787
protein_1421	P42063
protein_1422	Q5WGB8
protein_1423	Q13E22
protein_1424	Q4A8F6
protein_1425	Q7N2K4
protein_1426	A5D2Q9
protein_1427	O67655
protein_1428	Q7VFV4
protein_1429	Q1XDM0
protein_1430	P31039
protein_1431	A1AVI3
protein_1432	A0A7Y5JY51
protein_1433	Q2VYM5
protein_1434	Q6MB27
protein_1435	Q9KD73
protein_1436	A8AW76
protein_1437	P60966
protein_1438	Q1MA52
protein_1439	Q8ZPX9
protein_1440	Q9RY80
protein_1441	A0A0E3ZF63
protein_1442	A0A0S8Z646
protein_1443	A0A8H2JKP2
protein_1444	P13036
protein_1445	P75851
protein_1446	A0A643FEU6
protein_1447	A0A1H9DTC4
protein_1448	A8ZNZ4
protein_1449	C8WEG0
protein_1450	Q2SF13
protein_1451	A1VD34
protein_1452	Q05FY8
protein_1453	Q2S3M6
protein_1454	Q8EJW2
protein_1455	C4XQ09
protein_1456	A1BEN9
protein_1457	B5Y7T1
protein_1458	P71044
protein_1459	Q939T0
protein_1460	O06716
protein_1461	P02967
protein_1462	P40869
protein_1463	P0AG20
protein_1464	P9WGY7
protein_1465	P9WNI7
protein_1466	P62623
protein_1467	O32504
protein_1468	A0JUY7
protein_1469	A5FE96
protein_1470	A9GZI5
protein_1471	Q97NV3
protein_1472	A7I798
protein_1473	C3MPU0
protein_1474	Q0VPK3
protein_1475	B3CQ25
protein_1476	Q9XCB0
protein_1477	F5R7R1
protein_1478	Q31I56
protein_1479	Q8A337
protein_1480	O67528
protein_1481	P18159
protein_1482	A9BF21
protein_1483	O31427
protein_1484	A9NF97
protein_1485	P48817
protein_1486	Q2FE11
protein_1487	B0K3N1
protein_1488	Q1LT29
protein_1489	Q7DDS7
protein_1490	B8IZ74
protein_1491	Q8ZWY4
protein_1492	Q5WGY8
protein_1493	Q93ML3
protein_1494	A6Q776
protein_1495	P75853
protein_1496	P00448
protein_1497	P25519
protein_1498	A0A3N5NC13
protein_1499	Q8CXD2
protein_1500	A1WMU7
protein_1501	B5FA52
protein_1502	Q3YQU4
protein_1503	P52939
protein_1504	Q47N25
protein_1505	A8FGT0
protein_1506	A0R561
protein_1507	E4QH55
protein_1508	Q4FP29
protein_1509	A0A0H2URK1
protein_1510	Q47149
protein_1511	O25526
protein_1512	P62920
protein_1513	Q9CLJ5
protein_1514	D4GU92
protein_1515	C1D1C3
protein_1516	P71615
protein_1517	A2RLC3
protein_1518	P0AAT6
protein_1519	A7HX37
protein_1520	O34928
protein_1521	O31671
protein_1522	Q04809
protein_1523	Q1CVG4
protein_1524	Q4UK70
protein_1525	Q58643
protein_1526	P51697
protein_1527	P9WMJ3
protein_1528	Q2FYU7
protein_1529	P39583
protein_1530	Q9FDM1
protein_1531	A1TLI0
protein_1532	A9KKU1
protein_1533	C1F924
protein_1534	Q88VL9
protein_1535	A1KTV8
protein_1536	B4F2G7
protein_1537	Q31NV9
protein_1538	Q8CX97
protein_1539	Q1LI13
protein_1540	Q1LI88
protein_1541	Q1LI64
protein_1542	Q1LHL9
protein_1543	Q5NLX3
protein_1544	C4WUT0
protein_1545	Q2FTN3
protein_1546	Q7U4U9
protein_1547	O87887
protein_1548	Q1LI56
protein_1549	A0A1H9AQD5
protein_1550	A0A2D5REX7
protein_1551	A9IRA0
protein_1552	P60974
protein_1553	Q7NAE3
protein_1554	A0LJK3
protein_1555	A5G2E2
protein_1556	Q6MPQ2
protein_1557	B0S1R5
protein_1558	Q8RU01
protein_1559	Q1LP77
protein_1560	Q1LRQ2
protein_1561	P72846
protein_1562	Q7ND43
protein_1563	A0LUZ6
protein_1564	A5GI07
protein_1565	A9NGL4
protein_1566	P9WIF5
protein_1567	P23621
protein_1568	Q6HBH8
protein_1569	P0C054
protein_1570	Q2GE60
protein_1571	Q73IE4
protein_1572	P10805
protein_1573	A1AST1
protein_1574	B1MKG1
protein_1575	A0A847C1D5
protein_1576	B1Y4A8
protein_1577	P63020
protein_1578	Q47537
protein_1579	P12690
protein_1580	P46914
protein_1581	Q1AV13
protein_1582	P64180
protein_1583	B9KGL7
protein_1584	Q7NAK6
protein_1585	A4VPQ6
protein_1586	A0A1D2TMK7
protein_1587	A0A1L7NII1
protein_1588	A0A238D0L9
protein_1589	A0A2E2D9J1
protein_1590	A2BUG6
protein_1591	A9CHB2
protein_1592	Q05FY9
protein_1593	A7ZEJ3
protein_1594	B8CY71
protein_1595	P76316
protein_1596	Q55274
protein_1597	A0A5A9XQW1
protein_1598	Q9YFK4
protein_1599	P16100
protein_1600	Q6MHQ3
protein_1601	A1KVM7
protein_1602	A7HJT4
protein_1603	B5YID8
protein_1604	Q0AXH9
protein_1605	A1KJ30
protein_1606	B3QZ04
protein_1607	P61185
protein_1608	Q6MIV0
protein_1609	Q8RHQ8
protein_1610	P86210
protein_1611	A9H8G7
protein_1612	P06534
protein_1613	P06535
protein_1614	Q08788
protein_1615	Q18B13
protein_1616	Q4G386
protein_1617	A0Q0M8
protein_1618	A5IAM8
protein_1619	B0JN42
protein_1620	B4SGR0
protein_1621	Q041Y0
protein_1622	Q3ACY1
protein_1623	P21863
protein_1624	B0K4N6
protein_1625	P08400
protein_1626	Q46871
protein_1627	A3N017
protein_1628	A0A089YFA6
protein_1629	P00782
protein_1630	O34853
protein_1631	Q08352
protein_1632	B9KYE6
protein_1633	Q1LSL8
protein_1634	P32960
protein_1635	P24141
protein_1636	A0A2K4Z9G8
protein_1637	P07373
protein_1638	P37553
protein_1639	Q7VCK5
protein_1640	A5IQ73
protein_1641	Q1IZC9
protein_1642	A6L903
protein_1643	Q3J7E7
protein_1644	C1CVN6
protein_1645	Q2NIA2
protein_1646	A6M3G5
protein_1647	Q2SUE8
protein_1648	P80645
protein_1649	P05052
protein_1650	A9IZX9
protein_1651	Q2LXU8
protein_1652	P56956
protein_1653	Q6B4J5
protein_1654	C0H3Y8
protein_1655	O66042
protein_1656	P39801
protein_1657	Q2RM94
protein_1658	P31660
protein_1659	C0ZCH6
protein_1660	Q21H35
protein_1661	Q6D8X9
protein_1662	Q8NMK7
protein_1663	P0A9K7
protein_1664	P64578
protein_1665	P9WK85
protein_1666	P0A6P5
protein_1667	P9WMF9
protein_1668	P9WLN1
protein_1669	P9WLS0
protein_1670	Q31HA6
protein_1671	Q97BG9
protein_1672	A1AVI4
protein_1673	B3QW61
protein_1674	Q65V95
protein_1675	P9WJI7
protein_1676	P9WIX7
protein_1677	P9WJZ4
protein_1678	P62181
protein_1679	P39569
protein_1680	A8FDR4
protein_1681	P11470
protein_1682	B5ENA2
protein_1683	Q83FB6
protein_1684	A0A0C2S7H5
protein_1685	A0A1H2EAC7
protein_1686	Q3J7B5
protein_1687	A0AKK9
protein_1688	B1W3G0
protein_1689	Q8TWH2
protein_1690	P39120
protein_1691	B9KGY6
protein_1692	Q9Z7T5
protein_1693	Q9KCJ4
protein_1694	Q9WX14
protein_1695	A6W2E0
protein_1696	Q04QS3
protein_1697	Q24814
protein_1698	P9WHU1
protein_1699	Q1ID47
protein_1700	Q8A7C8
protein_1701	P9WIN9
protein_1702	P00579
protein_1703	P25888
protein_1704	P9WH05
protein_1705	B0TZA7
protein_1706	Q1AXX5
protein_1707	Q5ZTY2
protein_1708	A0A6H9HSV3
protein_1709	A3M6J6
protein_1710	A8ER62
protein_1711	Q97FX3
protein_1712	P45706
protein_1713	Q45716
protein_1714	A7GKY7
protein_1715	O31819
protein_1716	P27755
protein_1717	Q6ANL3
protein_1718	A1AW91
protein_1719	A7H6N5
protein_1720	Q8YQX7
protein_1721	A5ITA7
protein_1722	A0LLH5
protein_1723	A6TXE5
protein_1724	Q2GC37
protein_1725	P74007
protein_1726	A0A084XUF0
protein_1727	A0A0N0XJH6
protein_1728	P0A1D7
protein_1729	Q89YS5
protein_1730	Q1LQ38
protein_1731	Q1LP48
protein_1732	Q1LQG9
protein_1733	Q1LLB5
protein_1734	F2JWN1
protein_1735	P59174
protein_1736	Q8RAA8
protein_1737	C0SPA3
protein_1738	O31982
protein_1739	P24136
protein_1740	P56957
protein_1741	Q8CUT7
protein_1742	P94496
protein_1743	Q9PKA8
protein_1744	A5UYW4
protein_1745	O34398
protein_1746	O05272
protein_1747	Q04747
protein_1748	B5ZYG2
protein_1749	Q0BTT3
protein_1750	P96619
protein_1751	Q9KAK0
protein_1752	Q08313
protein_1753	O31854
protein_1754	B0B7R0
protein_1755	Q892Q9
protein_1756	A1SS95
protein_1757	B4R8Q2
protein_1758	O31687
protein_1759	P17969
protein_1760	Q7MA34
protein_1761	Q05852
protein_1762	Q1QUD8
protein_1763	B9DSE2
protein_1764	Q9HJ59
protein_1765	Q8CXF3
protein_1766	P71716
protein_1767	Q51404
protein_1768	A7HLH6
protein_1769	C5BMA2
protein_1770	Q6APZ3
protein_1771	Q9RW62
protein_1772	P9WLP1
protein_1773	P9WLS6
protein_1774	Q7VLK1
protein_1775	B1YIX1
protein_1776	C3NBN0
protein_1777	A5FRB5
protein_1778	A9KE31
protein_1779	B3QUD7
protein_1780	Q029I5
protein_1781	Q2JK09
protein_1782	A0A7T4R1H5
protein_1783	P9WJY7
protein_1784	P9WKA3
protein_1785	O68887
protein_1786	P39571
protein_1787	Q7UKI3
protein_1788	P04805
protein_1789	P0AGL5
protein_1790	P9WI39
protein_1791	O31611
protein_1792	P46224
protein_1793	Q60AP9
protein_1794	Q9Y927
protein_1795	Q7MAE2
protein_1796	Q1LPW1
protein_1797	A4T0N1
protein_1798	B0B8S4
protein_1799	Q0BWA8
protein_1800	Q98DZ0
protein_1801	A0A829Y7Z5
protein_1802	P0A639
protein_1803	A4FFN9
protein_1804	A9NF64
protein_1805	B9L7I2
protein_1806	Q1MQW6
protein_1807	Q1LI62
protein_1808	Q1LI44
protein_1809	Q1LNE6
protein_1810	Q1LJ92
protein_1811	O05886
protein_1812	Q1GP64
protein_1813	Q5NKZ8
protein_1814	A8EZP4
protein_1815	A0B9M2
protein_1816	P94446
protein_1817	Q9K6A3
protein_1818	Q04811
protein_1819	P59947
protein_1820	A8EUC7
protein_1821	C4L6N1
protein_1822	Q5SM25
protein_1823	A5IKQ2
protein_1824	Q9X4A5
protein_1825	B2V6N0
protein_1826	A0A514BWN5
protein_1827	Q4FPN1
protein_1828	Q8KDS2
protein_1829	B2UGZ7
protein_1830	Q39ZT0
protein_1831	Q879S5
protein_1832	A2C018
protein_1833	A9KBS9
protein_1834	Q0A4L6
protein_1835	Q3AG56
protein_1836	Q3A3J2
protein_1837	Q0SVK9
protein_1838	Q31QK9
protein_1839	A5VA82
protein_1840	B1I6S2
protein_1841	Q9ZFB3
protein_1842	Q182W3
protein_1843	P45858
protein_1844	A0PYP8
protein_1845	B2S2D1
protein_1846	Q45058
protein_1847	A5I174
protein_1848	P0DPJ9
protein_1849	P23743
protein_1850	B1ZUS0
protein_1851	A0A2S9X7W8
protein_1852	A8F811
protein_1853	B8EMF2
protein_1854	A0A423KY56
protein_1855	A7I1M8
protein_1856	O66627
protein_1857	Q6FER4
protein_1858	A0A178MQS3
protein_1859	Q3AQS3
protein_1860	Q8CWM5
protein_1861	B1HVC0
protein_1862	Q6LT86
protein_1863	A1AU17
protein_1864	G8TJ31
protein_1865	P39396
protein_1866	P9WIK1
protein_1867	P0A8V2
protein_1868	Q9RR45
protein_1869	A7HK39
protein_1870	B5YFG2
protein_1871	A0A2T5HD10
protein_1872	B5YE43
protein_1873	Q07PK4
protein_1874	P42983
protein_1875	Q45715
protein_1876	A6WCJ4
protein_1877	O31725
protein_1878	P27643
protein_1879	Q491V7
protein_1880	A1AV04
protein_1881	A7H0X7
protein_1882	A0A3N5ENL4
protein_1883	P0C079
protein_1884	P9WIZ7
protein_1885	P9WL63
protein_1886	P9WGG7
protein_1887	Q97JJ9
protein_1888	Q746Y3
protein_1889	P0A6M2
protein_1890	P31677
protein_1891	A0A2I0CR47
protein_1892	A4XL45
protein_1893	A8MFD2
protein_1894	B2VAE4
protein_1895	B9L505
protein_1896	Q1WUH1
protein_1897	Q1LGX8
protein_1898	B3DZP6
protein_1899	P0DO93
protein_1900	Q2YCX0
protein_1901	Q7U323
protein_1902	A8F7A0
protein_1903	Q3ICG0
protein_1904	F2M971
protein_1905	Q8D3K0
protein_1906	A6LBD8
protein_1907	B3EPC6
protein_1908	Q1LHL3
protein_1909	P54457
protein_1910	B0B970
protein_1911	D1AXT4
protein_1912	Q3B6R3
protein_1913	A5G168
protein_1914	Q0BW93
protein_1915	P9WG27
protein_1916	P9WKB9
protein_1917	P9WLS8
protein_1918	Q9RUY3
protein_1919	P0AE70
protein_1920	P64646
protein_1921	P9WKW5
protein_1922	P0A7J7
protein_1923	A0A1W6LAC3
protein_1924	P0CW06
protein_1925	Q70WY6
protein_1926	O05714
protein_1927	A8ZVH5
protein_1928	P47272
protein_1929	Q0BYG5
protein_1930	Q6MAG8
protein_1931	B0RXN7
protein_1932	Q8CV14
protein_1933	P0A4N7
protein_1934	O05307
protein_1935	O07747
protein_1936	P9WHK0
protein_1937	Q9CEF5
protein_1938	P39603
protein_1939	B0U6V1
protein_1940	A0M5T6
protein_1941	A6TW45
protein_1942	B3E340
protein_1943	P60941
protein_1944	A0A1I4N4E6
protein_1945	A0A1Y6BKZ9
protein_1946	Q057X7
protein_1947	Q3IUI0
protein_1948	B1VAJ8
protein_1949	Q2GG58
protein_1950	Q47XH8
protein_1951	Q7V9U7
protein_1952	Q5JFG9
protein_1953	Q746H2
protein_1954	A9NE80
protein_1955	A0A7Y7THC3
protein_1956	A2RIU4
protein_1957	A7IFW1
protein_1958	B2A3X9
protein_1959	B8FWE4
protein_1960	Q1D607
protein_1961	P9WJA3
protein_1962	P9WGW4
protein_1963	P9WQ02
protein_1964	B5RL84
protein_1965	Q0ATH6
protein_1966	Q9WYA1
protein_1967	A6T227
protein_1968	B4S9D1
protein_1969	Q0AIY2
protein_1970	Q1LI19
protein_1971	Q02SH2
protein_1972	O26149
protein_1973	Q3AWF3
protein_1974	Q8NKC2
protein_1975	Q1LLR7
protein_1976	A8YER2
protein_1977	A8FCG8
protein_1978	A0M2N6
protein_1979	A6UEE9
protein_1980	B2UPK5
protein_1981	Q72K85
protein_1982	A0R890
protein_1983	B6YQU3
protein_1984	P81602
protein_1985	B0SHT0
protein_1986	P55339
protein_1987	Q5WC42
protein_1988	B7H546
protein_1989	O34765
protein_1990	P39067
protein_1991	Q1LU78
protein_1992	P39134
protein_1993	B7IDQ7
protein_1994	Q3SF39
protein_1995	Q8RHA2
protein_1996	Q3JBU6
protein_1997	Q5L051
protein_1998	Q57761
protein_1999	Q72H91
protein_2000	A0PXK7
protein_2001	Q5WAC9
protein_2002	O06010
protein_2003	Q7WY67
protein_2004	Q8EQU7
protein_2005	Q09SZ8
protein_2006	A0A6J5D9S4
protein_2007	B1VXB3
protein_2008	Q67NR4
protein_2009	Q9KA70
protein_2010	P71499
protein_2011	Q3B2T4
protein_2012	Q73N17
protein_2013	A6L6E8
protein_2014	B1ZGG9
protein_2015	Q6APY7
protein_2016	B2RI95
protein_2017	Q2RX74
protein_2018	A5IND6
protein_2019	Q1LSF5
protein_2020	Q55900
protein_2021	Q74H60
protein_2022	P47691
protein_2023	B0U3J1
protein_2024	Q8EPP3
protein_2025	A8EXC2
protein_2026	P69739
protein_2027	Q47539
protein_2028	Q31GE9
protein_2029	Q7UM99
protein_2030	P76214
protein_2031	Q5SHS3
protein_2032	A5IZI0
protein_2033	Q04TV5
protein_2034	Q6AQX3
protein_2035	A5IJD3
protein_2036	Q9KCE0
protein_2037	Q07868
protein_2038	P42234
protein_2039	B2JVU2
protein_2040	D2QZ34
protein_2041	Q5SI82
protein_2042	A8YTQ6
protein_2043	Q2GD63
protein_2044	Q2RT81
protein_2045	Q98QK9
protein_2046	Q1GGU4
protein_2047	Q0APB3
protein_2048	Q6F1Q6
protein_2049	A6TRI3
protein_2050	Q82XD4
protein_2051	Q02VA9
protein_2052	A9MCZ2
protein_2053	A0LG71
protein_2054	A6KZJ8
protein_2055	B2U7E0
protein_2056	Q55684
protein_2057	A1A3A4
protein_2058	B8FZR4
protein_2059	P39220
protein_2060	P65098
protein_2061	A1AXR3
protein_2062	A7NN19
protein_2063	O67030
protein_2064	Q2RN77
protein_2065	P58253
protein_2066	Q81QD6
protein_2067	C0SP79
protein_2068	O68685
protein_2069	P40866
protein_2070	Q45552
protein_2071	A1S699
protein_2072	B5EPM9
protein_2073	Q6FAA9
protein_2074	A4XPY6
protein_2075	A9A0U3
protein_2076	B3CNB0
protein_2077	B9L615
protein_2078	Q21HA1
protein_2079	P11290
protein_2080	P0ABC7
protein_2081	P0ACV2
protein_2082	A8HYF7
protein_2083	B8F9K1
protein_2084	Q8CUL8
protein_2085	P36413
protein_2086	Q6M0I7
protein_2087	Q9VZU2
protein_2088	Q1AR91
protein_2089	A5II10
protein_2090	Q048G7
protein_2091	Q1LI40
protein_2092	Q1LQD3
protein_2093	Q1LMC7
protein_2094	Q6F0Z7
protein_2095	P9WFX1
protein_2096	P0A7N1
protein_2097	P9WL31
protein_2098	P0AD49
protein_2099	P25746
protein_2100	Q74BP1
protein_2101	A4WBG0
protein_2102	P59503
protein_2103	A0A7X0ET60
protein_2104	Q8UBM0
protein_2105	A6Q422
protein_2106	Q05562
protein_2107	Q47XI4
protein_2108	A0A839T3H4
protein_2109	G2E3K0
protein_2110	P76344
protein_2111	O69730
protein_2112	A5CRN8
protein_2113	B1I2Y8
protein_2114	C1A8L5
protein_2115	Q2N736
protein_2116	Q8CXK0
protein_2117	A5CDP1
protein_2118	B8FLV5
protein_2119	Q8R5X5
protein_2120	Q82TP9
protein_2121	A6GZG2
protein_2122	Q3A8C3
protein_2123	A1BD27
protein_2124	B4SQB1
protein_2125	Q67N94
protein_2126	A5G6M7
protein_2127	K9ZWH8
protein_2128	P24556
protein_2129	Q4JV82
protein_2130	Q8R5Z6
protein_2131	B2V095
protein_2132	A3MZ69
protein_2133	A8AKK2
protein_2134	P0A7Z4
protein_2135	P77218
protein_2136	B5YJN4
protein_2137	Q08BC6
protein_2138	B4UDP2
protein_2139	Q8D1Y6
protein_2140	P00582
protein_2141	Q73LF2
protein_2142	A5VIJ0
protein_2143	O52177
protein_2144	A0A2N2HQJ9
protein_2145	B8D6X4
protein_2146	Q10VH5
protein_2147	A0A8G1LWR2
protein_2148	I3YC36
protein_2149	P0AEY3
protein_2150	P0ACA3
protein_2151	P52426
protein_2152	Q9PHY2
protein_2153	P0A0A1
protein_2154	Q2FY15
protein_2155	B1GZQ6
protein_2156	P45855
protein_2157	A7GL73
protein_2158	O32123
protein_2159	P94537
protein_2160	Q9KAJ2
protein_2161	Q08310
protein_2162	P9WGH1
protein_2163	A0A431KTI2
protein_2164	A0A4R5DXC0
protein_2165	O28496
protein_2166	A5IIK3
protein_2167	B0TAB6
protein_2168	Q5NL05
protein_2169	A2BZB9
protein_2170	B8I3C7
protein_2171	Q97HB8
protein_2172	B8J992
protein_2173	P37958
protein_2174	Q00828
protein_2175	O52065
protein_2176	B7GT47
protein_2177	A6UF66
protein_2178	C6BUE7
protein_2179	B3E9R5
protein_2180	Q60B71
protein_2181	O66112
protein_2182	A1SNF6
protein_2183	A6VN09
protein_2184	B1HRH3
protein_2185	B7JC25
protein_2186	Q0BS22
protein_2187	Q182E7
protein_2188	Q8EUH7
protein_2189	B2A549
protein_2190	Q2S413
protein_2191	Q1J063
protein_2192	Q82D77
protein_2193	O27950
protein_2194	O25758
protein_2195	P08007
protein_2196	B1AI94
protein_2197	D1BLD0
protein_2198	Q3JEE4
protein_2199	A5UY26
protein_2200	Q1CVH6
protein_2201	O51419
protein_2202	Q8DTN6
protein_2203	A5V0P4
protein_2204	Q7UCH6
protein_2205	A9G109
protein_2206	A1TLP7
protein_2207	A6VYL7
protein_2208	B1I295
protein_2209	B8CX96
protein_2210	Q0C511
protein_2211	P9WKA7
protein_2212	P9WLM1
protein_2213	P9WGI3
protein_2214	O31808
protein_2215	Q2GJ42
protein_2216	P33897
protein_2217	P9WNZ1
protein_2218	Q8YDM4
protein_2219	Q9KKZ4
protein_2220	A0A2V7SGW9
protein_2221	Q6MJH6
protein_2222	A5VT20
protein_2223	B1JFV3
protein_2224	Q1LTV8
protein_2225	Q67J33
protein_2226	C1A8X8
protein_2227	O34206
protein_2228	P9WGX7
protein_2229	P62670
protein_2230	O32020
protein_2231	P59624
protein_2232	Q939S9
protein_2233	P02958
protein_2234	P40868
protein_2235	P0ADE2
protein_2236	P0AAI5
protein_2237	D0ZY51
protein_2238	Q9LD95
protein_2239	O31809
protein_2240	A5F3R3
protein_2241	A0A089YNU8
protein_2242	A0A1B3EDC9
protein_2243	A0A840L853
protein_2244	A0A850SY80
protein_2245	A4W960
protein_2246	A1SRP8
protein_2247	Q8RB69
protein_2248	A6SVP3
protein_2249	C1DAB4
protein_2250	Q6A8N5
protein_2251	Q9K6Y5
protein_2252	P0C6Q2
protein_2253	P0ABC3
protein_2254	P0AB65
protein_2255	O34505
protein_2256	P37875
protein_2257	Q1LJA2
protein_2258	Q1LIA5
protein_2259	Q1LPF3
protein_2260	Q1LLK8
protein_2261	B3PIL7
protein_2262	P9WID3
protein_2263	P9WGF7
protein_2264	P9WMI6
protein_2265	A8Z5Z0
protein_2266	B8G736
protein_2267	A0A2V7JZT9
protein_2268	A0A3A8GNV8
protein_2269	A8FED1
protein_2270	A5IIP0
protein_2271	B2GDY8
protein_2272	A1ANL4
protein_2273	B3PF48
protein_2274	A0A7I8E5F4
protein_2275	A3DHY8
protein_2276	A9KLX9
protein_2277	Q0AKE8
protein_2278	P0AAI1
protein_2279	Q57QP5
protein_2280	Q39QX7
protein_2281	Q9RNL1
protein_2282	A9A4S0
protein_2283	Q6MEN7
protein_2284	P09339
protein_2285	P08065
protein_2286	A1APQ8
protein_2287	A0A502GWJ3
protein_2288	A0A534CL29
protein_2289	A1KTK4
protein_2290	A6UB14
protein_2291	A0A5P9NKS4
protein_2292	A1BFE5
protein_2293	A6Q1Q8
protein_2294	B0TB07
protein_2295	B6ITS0
protein_2296	Q0AJ07
protein_2297	Q9KNM2
protein_2298	A0A085VAN9
protein_2299	A0A0N1BAF6
protein_2300	B0K5N3
protein_2301	Q2N6I8
protein_2302	Q11QQ3
protein_2303	C4L3W2
protein_2304	P9WIS0
protein_2305	Q55CC2
protein_2306	A6TKJ3
protein_2307	Q3B0J2
protein_2308	Q0VMX9
protein_2309	Q4JAZ8
protein_2310	P55340
protein_2311	Q65DU9
protein_2312	B7ISF6
protein_2313	O34806
protein_2314	P39072
protein_2315	Q2S237
protein_2316	B0TI92
protein_2317	Q2JQ57
protein_2318	P30109
protein_2319	Q9KA95
protein_2320	X7E5C9
protein_2321	P9WNM5
protein_2322	A0A1Y0FZP3
protein_2323	A0A2E9SN87
protein_2324	Q3AF07
protein_2325	Q9KJT8
protein_2326	A1QZ08
protein_2327	B4U7D5
protein_2328	Q6F157
protein_2329	P43779
protein_2330	P9WPI3
protein_2331	Q5FRZ1
protein_2332	Q9KAC3
protein_2333	B5FFP5
protein_2334	Q7VU93
protein_2335	A5ISZ7
protein_2336	P16655
protein_2337	P13243
protein_2338	Q97L63
protein_2339	P02961
protein_2340	P35148
protein_2341	A0A1L9AWD0
protein_2342	A0A250JJV7
protein_2343	B3PNH3
protein_2344	O19922
protein_2345	Q6LUJ8
protein_2346	B1AI24
protein_2347	Q2RFI9
protein_2348	Q6MA36
protein_2349	A4QHI9
protein_2350	B1YKS8
protein_2351	P30726
protein_2352	Q30Q11
protein_2353	A0A431MSK9
protein_2354	A0A4R6F7C4
protein_2355	A0A523M4Z9
protein_2356	Q47B80
protein_2357	B2SBS2
protein_2358	Q7NSP5
protein_2359	A1SZU8
protein_2360	I2GE60
protein_2361	A1WSY5
protein_2362	Q0ADD6
protein_2363	P45859
protein_2364	Q45760
protein_2365	A7GQU9
protein_2366	O32322
protein_2367	P35158
protein_2368	A5WFW3
protein_2369	A0A0Q5FMG7
protein_2370	P26982
protein_2371	A9ETZ9
protein_2372	Q9HSS7
protein_2373	C0QPI1
protein_2374	Q7NM86
protein_2375	A4WDH8
protein_2376	B2IDD9
protein_2377	A0A4R7X116
protein_2378	Q8EAX8
protein_2379	P0ADQ2
protein_2380	A0A061JV49
protein_2381	P36995
protein_2382	Q6AK61
protein_2383	Q8FM80
protein_2384	Q47157
protein_2385	Q8YDL6
protein_2386	C7Z9X4
protein_2387	Q2SKZ0
protein_2388	Q8CXQ7
protein_2389	P42386
protein_2390	Q1LQA5
protein_2391	A0A508AIU3
protein_2392	A0A534I2S4
protein_2393	Q3JBB6
protein_2394	Q7X2S8
protein_2395	P9WQB7
protein_2396	P9WNE7
protein_2397	P9WI69
protein_2398	P39065
protein_2399	Q93N68
protein_2400	A0A0J6MY76
protein_2401	A0A127M9I4
protein_2402	Q46BQ2
protein_2403	Q72PJ7
protein_2404	P47908
protein_2405	P9WNE5
protein_2406	P9WN15
protein_2407	B3Q6P8
protein_2408	P35149
protein_2409	P07790
protein_2410	P62552
protein_2411	A1W0P5
protein_2412	Q9RVT3
protein_2413	A6TU24
protein_2414	P42969
protein_2415	Q45712
protein_2416	A6TQ57
protein_2417	O31700
protein_2418	Q47538
protein_2419	P0A6H5
protein_2420	P30745
protein_2421	A2C585
protein_2422	A7I444
protein_2423	B1ZT51
protein_2424	B8FNN5
protein_2425	Q1AW38
protein_2426	B2UE66
protein_2427	D3FFN2
protein_2428	Q60AK1
protein_2429	A0A167AU55
protein_2430	Q9S449
protein_2431	A6QBG1
protein_2432	B4F059
protein_2433	Q0A7E2
protein_2434	Q492C7
protein_2435	Q1LS37
protein_2436	Q1LHL0
protein_2437	Q1LJY1
protein_2438	P57632
protein_2439	Q2GGN4
protein_2440	Q6MMQ9
protein_2441	A3DBK4
protein_2442	O67034
protein_2443	B1ZP17
protein_2444	P66866
protein_2445	P23873
protein_2446	P9WHP5
protein_2447	O29133
protein_2448	Q4FM37
protein_2449	Q8R5X6
protein_2450	Q03MK4
protein_2451	Q1LJ60
protein_2452	Q1LM61
protein_2453	Q1LIE4
protein_2454	Q1LJ86
protein_2455	Q1LIB4
protein_2456	Q97P97
protein_2457	P50865
protein_2458	A8FBL1
protein_2459	O34412
protein_2460	P37549
protein_2461	A2BTL7
protein_2462	A7HVY9
protein_2463	B1YMH0
protein_2464	B8EQB8
protein_2465	Q187T5
protein_2466	P17906
protein_2467	Q6A997
protein_2468	Q8EV77
protein_2469	A6NNW6
protein_2470	A8EWY0
protein_2471	A0A6N8ITV2
protein_2472	P0ABT2
protein_2473	P0A3E0
protein_2474	B4F1V2
protein_2475	A0A095TIJ1
protein_2476	A0A0Q5SY24
protein_2477	Q2GCW3
protein_2478	Q8EW52
protein_2479	P70998
protein_2480	P9WQB9
protein_2481	Q6TYB1
protein_2482	P71380
protein_2483	D0ZKX9
protein_2484	P23894
protein_2485	P76141
protein_2486	B0S2N4
protein_2487	B1HVP3
protein_2488	O31661
protein_2489	P17531
protein_2490	O87331
protein_2491	A0A143B7Y6
protein_2492	Q11TP3
protein_2493	Q6MQ46
protein_2494	B0SI93
protein_2495	Q0P9D3
protein_2496	Q79FL8
protein_2497	P42249
protein_2498	A4X5B6
protein_2499	O31681
protein_2500	P23261
protein_2501	A0A2W4P6I6
protein_2502	B9EBJ1
protein_2503	P0C0Z8
protein_2504	Q5WH45
protein_2505	Q9F746
protein_2506	Q49YY6
protein_2507	Q1LRB3
protein_2508	A3PNS7
protein_2509	A9NE34
protein_2510	Q0ATU5
protein_2511	B4RCI1
protein_2512	Q0AAG2
protein_2513	Q7V9C9
protein_2514	A0Q7B3
protein_2515	B2UUA1
protein_2516	Q2YC65
protein_2517	Q899D2
protein_2518	B3PI58
protein_2519	Q01WE6
protein_2520	Q3A209
protein_2521	A0RQA9
protein_2522	A6W915
protein_2523	B3WCK5
protein_2524	Q04SA1
protein_2525	Q7UM95
protein_2526	A0Q200
protein_2527	B2RJ03
protein_2528	P08066
protein_2529	A4SZY0
protein_2530	O67012
protein_2531	A0A0B4XT39
protein_2532	Q5LCW4
protein_2533	O30916
protein_2534	Q9I4G8
protein_2535	Q3J6L9
protein_2536	Q2GK85
protein_2537	P20707
protein_2538	Q6ABX8
protein_2539	Q7M826
protein_2540	A8A8L8
protein_2541	A5MZY0
protein_2542	Q2FTH1
protein_2543	Q9RB37
protein_2544	A8MAY1
protein_2545	A0A7W1BKL6
protein_2546	E8WLP7
protein_2547	B2J5F8
protein_2548	Q60176
protein_2549	Q869Y7
protein_2550	Q7V2X8
protein_2551	A2BNH4
protein_2552	P9WG29
protein_2553	P9WKC5
protein_2554	P9WM79
protein_2555	P9WGG5
protein_2556	O35028
protein_2557	A0A2N6EJJ2
protein_2558	P58407
protein_2559	Q9V0D5
protein_2560	P11177
protein_2561	P21914
protein_2562	A5CC52
protein_2563	A0A7G3GAT5
protein_2564	A0A7Y8CL40
protein_2565	O34460
protein_2566	A6M3M5
protein_2567	Q24M98
protein_2568	Q6KH82
protein_2569	Q1AWI8
protein_2570	E1V931
protein_2571	P9WKK6
protein_2572	Q1MDE9
protein_2573	Q8EIX4
protein_2574	C4Y3W1
protein_2575	Q2GD37
protein_2576	Q7V8Y7
protein_2577	Q1LI42
protein_2578	O50406
protein_2579	P9WQJ7
protein_2580	Q1LRA1
protein_2581	Q1LQ00
protein_2582	Q1LIM8
protein_2583	Q1LF33
protein_2584	F4DAE8
protein_2585	P29201
protein_2586	Q5YQZ4
protein_2587	Q9I340
protein_2588	Q6MD97
protein_2589	Q1LR54
protein_2590	Q8NU98
protein_2591	P38490
protein_2592	A0A838QHT3
protein_2593	A0A849GG83
protein_2594	U2HBQ8
protein_2595	P9WKL5
protein_2596	B0T7D0
protein_2597	A0LSX9
protein_2598	A6LJI3
protein_2599	B3PDC2
protein_2600	P59507
protein_2601	A0A6L4B9P7
protein_2602	A0A7W0W0M3
protein_2603	A0A7Y2ENH7
protein_2604	Q07766
protein_2605	A4FB46
protein_2606	O06996
protein_2607	Q6A661
protein_2608	Q3JCK6
protein_2609	A0A1E7IKP6
protein_2610	A0A1H1VCG5
protein_2611	P0ACY3
protein_2612	P0A9K9
protein_2613	Q9RR46
protein_2614	Q8DHE3
protein_2615	A7I644
protein_2616	A0A2T0QNT5
protein_2617	A0A318SE89
protein_2618	P9WKC3
protein_2619	P9WKB3
protein_2620	P9WL64
protein_2621	Q04E63
protein_2622	Q1LI31
protein_2623	P25527
protein_2624	P80644
protein_2625	Q6ARL2
protein_2626	O33336
protein_2627	H8F0D6
protein_2628	Q03VC2
protein_2629	Q1LI52
protein_2630	P9WI71
protein_2631	P77494
protein_2632	P9WMB3
protein_2633	A1TEV0
protein_2634	P07868
protein_2635	P61973
protein_2636	Q9YEA1
protein_2637	P35488
protein_2638	G8QM61
protein_2639	P07870
protein_2640	A4WCP8
protein_2641	A2SEL8
protein_2642	A9GC83
protein_2643	B8I004
protein_2644	Q1CY86
protein_2645	Q1MPA2
protein_2646	Q9LJY0
protein_2647	B8FVF9
protein_2648	Q1QIW5
protein_2649	Q7VRF2
protein_2650	Q2W1G5
protein_2651	Q7TV89
protein_2652	A6V2H8
protein_2653	Q2RHC4
protein_2654	Q9X2I3
protein_2655	O53177
protein_2656	P9WG31
protein_2657	P9WJJ0
protein_2658	Q0BPT7
protein_2659	Q72NW0
protein_2660	A6QGC0
protein_2661	A0QVQ8
protein_2662	P9WFD5
protein_2663	Q8G6P9
protein_2664	P07869
protein_2665	Q9ZFB4
protein_2666	Q7AKG8
protein_2667	P49782
protein_2668	P11959
protein_2669	Q1RHB5
protein_2670	A0A5K7ZWF9
protein_2671	A0A661GMN5
protein_2672	P54469
protein_2673	Q81GK5
protein_2674	P40870
protein_2675	P45856
protein_2676	A7GNL0
protein_2677	O32131
protein_2678	P35157
protein_2679	Q9HW50
protein_2680	P0A6Y5
protein_2681	P45470
protein_2682	Q9RR44
protein_2683	B2TFQ5
protein_2684	P52993
protein_2685	Q49110
protein_2686	P72109
protein_2687	B5EMG2
protein_2688	P75747
protein_2689	P47632
protein_2690	A9GIS9
protein_2691	O83536
protein_2692	Q600B5
protein_2693	Q89LB1
protein_2694	O08349
protein_2695	Q6ZZC6
protein_2696	P9WIS2
protein_2697	G4V4G6
protein_2698	A0LZD4
protein_2699	A0A2N2KG28
protein_2700	A0B748
protein_2701	A7HZ43
protein_2702	Q0VST7
protein_2703	Q59984
protein_2704	A0A1V6AE56
protein_2705	A0A2G6KUH3
protein_2706	Q9X3X2
protein_2707	A2C1W8
protein_2708	A8MFV5
protein_2709	B8FAZ7
protein_2710	Q12UC1
protein_2711	Q2LU46
protein_2712	Q985B9
protein_2713	Q0I685
protein_2714	P0ABS5
protein_2715	A0A831XN23
protein_2716	P44611
protein_2717	A4QEA1
protein_2718	B0S9E8
protein_2719	C0QC99
protein_2720	Q2JJZ9
protein_2721	B8D065
protein_2722	P75120
protein_2723	Q8YMZ8
protein_2724	A0A2D7WJW9
protein_2725	A0A2G6CPL9
protein_2726	C9SUS0
protein_2727	Q31LP5
protein_2728	Q8D2K1
protein_2729	Q1LHJ9
protein_2730	A0AGW6
protein_2731	P0A705
protein_2732	P54475
protein_2733	Q188Z4
protein_2734	B0RVV0
protein_2735	A1WYP1
protein_2736	B6ITJ7
protein_2737	Q4FQ51
protein_2738	Q8FP03
protein_2739	Q2JH49
protein_2740	Q8L397
protein_2741	A0M298
protein_2742	P0AAM1
protein_2743	P09551
protein_2744	Q5FUS6
protein_2745	A2BLL6
protein_2746	B8GE19
protein_2747	P39221
protein_2748	P80046
protein_2749	P96698
protein_2750	Q9KC68
protein_2751	Q5WEJ3
protein_2752	A0A7X5J2N5
protein_2753	Q8TWG5
protein_2754	A2CI50
protein_2755	Q7M827
protein_2756	A1WZ92
protein_2757	A7Z6Z1
protein_2758	P0A7G2
protein_2759	P76594
protein_2760	B1H0R2
protein_2761	Q2S6G8
protein_2762	A0A1W1WX03
protein_2763	A0A2E5T831
protein_2764	Q1LNF8
protein_2765	Q1LK35
protein_2766	O30330
protein_2767	P96659
protein_2768	A0A0D1LRF4
protein_2769	A0A1H2X745
protein_2770	A9BD80
protein_2771	B3EIU4
protein_2772	C6BXG0
protein_2773	Q8Y755
protein_2774	B2KCC0
protein_2775	Q4FNI5
protein_2776	A0RTP4
protein_2777	B6YVQ8
protein_2778	P68646
protein_2779	P33197
protein_2780	Q74EU2
protein_2781	A1RQS3
protein_2782	A7HS58
protein_2783	A0R596
protein_2784	A9KKT9
protein_2785	P9WFD7
protein_2786	P9WKB5
protein_2787	P9WLS4
protein_2788	P06222
protein_2789	O34486
protein_2790	Q5M1R0
protein_2791	A2SPK0
protein_2792	B8I364
protein_2793	Q5XCL7
protein_2794	A5EYE5
protein_2795	D9PVI7
protein_2796	Q6LZI3
protein_2797	P47516
protein_2798	P72740
protein_2799	Q1IJS5
protein_2800	E5Y944
protein_2801	P9WLL7
protein_2802	A0Q7G4
protein_2803	A7HK07
protein_2804	B3PS53
protein_2805	Q73KN7
protein_2806	Q1IQ53
protein_2807	Q7WA41
protein_2808	C3MQ26
protein_2809	B8GW30
protein_2810	P76027
protein_2811	B9WAM8
protein_2812	Q0RQV6
protein_2813	B3CL70
protein_2814	Q9WWL3
protein_2815	Q73Q17
protein_2816	Q9RY24
protein_2817	B0T8A6
protein_2818	Q182Z4
protein_2819	Q7VIU4
protein_2820	Q0B075
protein_2821	Q6KI26
protein_2822	A9KQ99
protein_2823	Q891W4
protein_2824	P08005
protein_2825	Q7VK79
protein_2826	A5UM85
protein_2827	B2URT9
protein_2828	Q03FR8
protein_2829	Q3IUI1
protein_2830	P78004
protein_2831	Q7V9C8
protein_2832	Q1AXX6
protein_2833	B0SII2
protein_2834	Q1GTJ4
protein_2835	Q38W03
protein_2836	B0RY61
protein_2837	Q5WER4
protein_2838	Q8EQ23
protein_2839	O32130
protein_2840	P24282
protein_2841	Q1AVL3
protein_2842	Q7UZP2
protein_2843	B4U8W2
protein_2844	Q9YE02
protein_2845	P50980
protein_2846	A9KIG5
protein_2847	D0LWB8
protein_2848	Q39102
protein_2849	P0ACD8
protein_2850	P0AAN9
protein_2851	O34098
protein_2852	A0A096ZN76
protein_2853	A0A0Q7D0H9
protein_2854	O51216
protein_2855	A0A0B3BZ63
protein_2856	B1MZG7
protein_2857	P0CW10
protein_2858	Q8DTC7
protein_2859	Q1LKJ4
protein_2860	Q1LI17
protein_2861	Q1LIN3
protein_2862	Q1LRQ5
protein_2863	A0A3C1Z5Y1
protein_2864	P40170
protein_2865	Q6AS16
protein_2866	Q8G4X4
protein_2867	B7GTK2
protein_2868	A8Y461
protein_2869	Q255N7
protein_2870	P07752
protein_2871	P9WMZ1
protein_2872	P42061
protein_2873	Q45535
protein_2874	A4IN74
protein_2875	O31622
protein_2876	P0AC35
protein_2877	Q68XR2
protein_2878	Q8A9B8
protein_2879	A0A7Y3AQB6
protein_2880	A2SHH9
protein_2881	C7MC16
protein_2882	A0Q753
protein_2883	P47619
protein_2884	C0R2Q3
protein_2885	A0QGK1
protein_2886	A6V6L2
protein_2887	Q8YG65
protein_2888	Q9KVL2
protein_2889	B1GZK7
protein_2890	D1CDT8
protein_2891	Q3JMH0
protein_2892	A5WGD0
protein_2893	Q1GCL9
protein_2894	Q026Q2
protein_2895	Q6NG14
protein_2896	B4ET62
protein_2897	Q04EE0
protein_2898	Q3MG83
protein_2899	Q0P9Y2
protein_2900	P07363
protein_2901	P25894
protein_2902	P9WNV9
protein_2903	B1AIY7
protein_2904	Q7NHJ3
protein_2905	Q1RJX4
protein_2906	A9A450
protein_2907	Q58820
protein_2908	Q8NRC3
protein_2909	P75392
protein_2910	P51055
protein_2911	Q1LPJ9
protein_2912	Q1LPW7
protein_2913	P17265
protein_2914	Q81WH6
protein_2915	P9WFD2
protein_2916	Q1LKJ7
protein_2917	Q1LLR6
protein_2918	Q1LMY3
protein_2919	Q1LRB6
protein_2920	P0A8H6
protein_2921	A0A525VXR3
protein_2922	P31005
protein_2923	Q8CQ25
protein_2924	Q9R9N5
protein_2925	Q59661
protein_2926	A1VYP2
protein_2927	Q3A7Y4
protein_2928	P54393
protein_2929	P9WQK7
protein_2930	A0QBR0
protein_2931	A0PWB4
protein_2932	P06575
protein_2933	P06628
protein_2934	O34800
protein_2935	P26906
protein_2936	A1QYX4
protein_2937	A8I264
protein_2938	P59569
protein_2939	Q2WBH0
protein_2940	Q7V491
protein_2941	P9WIR7
protein_2942	Q7V9J7
protein_2943	A5IIT3
protein_2944	B2UBP7
protein_2945	P95333
protein_2946	Q3IKR2
protein_2947	P22305
protein_2948	Q72GN6
protein_2949	O52960
protein_2950	Q1LJM9
protein_2951	P44471
protein_2952	Q7VIE2
protein_2953	A1A1J0
protein_2954	B3CPW3
protein_2955	Q30UT6
protein_2956	Q89AC7
protein_2957	A0A2W5DXG1
protein_2958	O32720
protein_2959	P37470
protein_2960	A1AXX6
protein_2961	A8EV95
protein_2962	P0C8N9
protein_2963	Q2S6H2
protein_2964	Q7NHT3
protein_2965	P74494
protein_2966	Q49WH7
protein_2967	B1HT11
protein_2968	Q056X7
protein_2969	A6LD25
protein_2970	C7N914
protein_2971	Q2LUQ1
protein_2972	A1AV42
protein_2973	Q04WG0
protein_2974	A0A1H4QXU9
protein_2975	Q4QMJ5
protein_2976	P0AE67
protein_2977	P27245
protein_2978	A9F8L0
protein_2979	O67623
protein_2980	Q9M5P3
protein_2981	A1WX30
protein_2982	O34136
protein_2983	Q9H078
protein_2984	A7IJF6
protein_2985	A0A7W2TUJ9
protein_2986	P59106
protein_2987	Q9L268
protein_2988	P60495
protein_2989	A0Q735
protein_2990	B3CPW2
protein_2991	Q313K7
protein_2992	O34426
protein_2993	Q2RHH3
protein_2994	P36557
protein_2995	Q01625
protein_2996	B4SCV5
protein_2997	O83746
protein_2998	Q6M2F0
protein_2999	Q9LCQ6
protein_3000	B0K3X0
protein_3001	A0A1H6L8I8
protein_3002	A0A1T4WYC9
protein_3003	A9KD75
protein_3004	A0L9F4
protein_3005	A5WCV5
protein_3006	B0R5U5
protein_3007	P09143
protein_3008	P0A3T9
protein_3009	P45707
protein_3010	Q5WIG0
protein_3011	O31686
protein_3012	Q9KBQ0
protein_3013	A0L4S0
protein_3014	B9MPK5
protein_3015	Q0TTK8
protein_3016	O31779
protein_3017	A5IEF4
protein_3018	P61437
protein_3019	Q6BXC7
protein_3020	A1AWK6
protein_3021	Q7V2A3
protein_3022	Q1LSB6
protein_3023	A5UY93
protein_3024	Q2NGI4
protein_3025	Q46829
protein_3026	Q182F1
protein_3027	Q5P1H4
protein_3028	B2UMY1
protein_3029	D4HA34
protein_3030	Q6F0E5
protein_3031	P9WMK1
protein_3032	P9WMA9
protein_3033	Q4FNR7
protein_3034	A1BAN1
protein_3035	A0R9F0
protein_3036	B1MW96
protein_3037	A1VY43
protein_3038	A5IRJ3
protein_3039	A5FWG2
protein_3040	B8FZD1
protein_3041	Q8TV10
protein_3042	P35160
protein_3043	Q88YM8
protein_3044	A6L927
protein_3045	Q9ZFB5
protein_3046	Q7AKI9
protein_3047	P54450
protein_3048	O31773
protein_3049	P21887
protein_3050	Q9JPD1
protein_3051	A2BQX7
protein_3052	A8LQR9
protein_3053	B8DUF9
protein_3054	Q11WJ0
protein_3055	Q8DJB3
protein_3056	A2BPU3
protein_3057	B7GRM7
protein_3058	Q4L4I8
protein_3059	Q8KDG0
protein_3060	P64594
protein_3061	P9WN43
protein_3062	Q48211
protein_3063	P52560
protein_3064	P24202
protein_3065	Q1LNJ3
protein_3066	Q1LJD3
protein_3067	Q1LIA4
protein_3068	Q1LS25
protein_3069	P28613
protein_3070	O32605
protein_3071	Q1LI50
protein_3072	Q1LPH7
protein_3073	Q1LI29
protein_3074	Q1LIT8
protein_3075	Q1LIH4
protein_3076	Q9RVE7
protein_3077	P0C077
protein_3078	P9WI95
protein_3079	P9WL07
protein_3080	A1VZU7
protein_3081	A8LPC2
protein_3082	P97043
protein_3083	Q2Y5A9
protein_3084	Q7VJY2
protein_3085	A0A0B5BIR6
protein_3086	Q39PQ9
protein_3087	Q820T0
protein_3088	P61975
protein_3089	A7GMD4
protein_3090	P86222
protein_3091	P80477
protein_3092	A5VB78
protein_3093	Q5WFY6
protein_3094	A0AIZ4
protein_3095	B8I6C2
protein_3096	P24228
protein_3097	B0R3H3
protein_3098	P9WMJ7
protein_3099	Q6N1H2
protein_3100	Q9RXG4
protein_3101	Q88VW2
protein_3102	Q08311
protein_3103	Q9KEC6
protein_3104	O31614
protein_3105	P9WQP1
protein_3106	C5D4U8
protein_3107	Q93N70
protein_3108	Q06320
protein_3109	P39764
protein_3110	A0A1H6TQI8
protein_3111	A0A1U9NEH7
protein_3112	O32724
protein_3113	P26903
protein_3114	A0AIS5
protein_3115	A7H485
protein_3116	B5ENA4
protein_3117	Q0SRE2
protein_3118	Q59978
protein_3119	O27352
protein_3120	O07545
protein_3121	P16449
protein_3122	P40420
protein_3123	Q2JDA6
protein_3124	A4IMM1
protein_3125	Q7ULV7
protein_3126	B2RLI9
protein_3127	B0BM20
protein_3128	Q57663
protein_3129	O25080
protein_3130	Q8EIX3
protein_3131	O51804
protein_3132	P9WJ68
protein_3133	Q1LRI7
protein_3134	Q1LPX7
protein_3135	Q1LLK1
protein_3136	Q9R9N3
protein_3137	P80481
protein_3138	A1URA3
protein_3139	C7M0M0
protein_3140	P45680
protein_3141	P62164
protein_3142	Q8RA74
protein_3143	Q606H1
protein_3144	Q87BY1
protein_3145	B1YGP4
protein_3146	A5CFM7
protein_3147	Q1LS28
protein_3148	Q1LRB7
protein_3149	A4N8V8
protein_3150	A1WUT7
protein_3151	A7HJQ9
protein_3152	B1XRT3
protein_3153	B8DT91
protein_3154	Q11RE0
protein_3155	P07788
protein_3156	P08874
protein_3157	Q7AKN0
protein_3158	P28842
protein_3159	A5VIE8
protein_3160	Q83WI9
protein_3161	Q1LQK4
protein_3162	Q1LI51
protein_3163	Q1LS34
protein_3164	A5GJ48
protein_3165	B3PNH6
protein_3166	P94820
protein_3167	A6QBP7
protein_3168	Q6A8Z5
protein_3169	A0RJ56
protein_3170	Q8RGV2
protein_3171	A9GF63
protein_3172	A0A660R188
protein_3173	Q3A334
protein_3174	Q7VQF3
protein_3175	Q51416
protein_3176	A5DUA7
protein_3177	B3CQ26
protein_3178	A0A660SLP7
protein_3179	A0A6J4KJ90
protein_3180	A0A7R6PSS9
protein_3181	L7N5A6
protein_3182	P49783
protein_3183	Q7WY66
protein_3184	P37968
protein_3185	P49574
protein_3186	A5CD86
protein_3187	Q1LSM6
protein_3188	Q65H53
protein_3189	A8GGZ0
protein_3190	A3PNJ7
protein_3191	A9HXK3
protein_3192	B9DK59
protein_3193	Q1IPW7
protein_3194	Q2GCH6
protein_3195	C5D802
protein_3196	Q59098
protein_3197	Q9UHY7
protein_3198	A7TN25
protein_3199	Q8A2N7
protein_3200	A5VNA6
protein_3201	B3E7X0
protein_3202	Q049W5
protein_3203	Q3J7D7
protein_3204	P46337
protein_3205	B1XVJ0
protein_3206	B3E058
protein_3207	Q4FN36
protein_3208	Q11QT1
protein_3209	Q72KS4
protein_3210	P0AD30
protein_3211	A0KRB5
protein_3212	B0SFG5
protein_3213	A1WWE4
protein_3214	A9BHZ7
protein_3215	Q058F5
protein_3216	O31623
protein_3217	P21341
protein_3218	Q3BZ95
protein_3219	P37527
protein_3220	B1KYX4
protein_3221	Q8EN04
protein_3222	D4GS06
protein_3223	A0RMI8
protein_3224	A5VRD9
protein_3225	B0S1C3
protein_3226	Q7UMF7
protein_3227	Q3A6V2
protein_3228	P0AEM0
protein_3229	A9WFU0
protein_3230	Q7VL87
protein_3231	P0AEF4
protein_3232	Q2S2F9
protein_3233	Q7TU09
protein_3234	Q31HA8
protein_3235	Q6NEZ0
protein_3236	A5IKF4
protein_3237	Q1GCM0
protein_3238	Q5FS11
protein_3239	A5FZ96
protein_3240	A4XRN4
protein_3241	Q057M2
protein_3242	Q01464
protein_3243	Q0AWG0
protein_3244	A5FPK5
protein_3245	A0A838HKD1
protein_3246	C6W5U6
protein_3247	Q3SME4
protein_3248	P9WGT7
protein_3249	A0A2V7MBK1
protein_3250	A2C038
protein_3251	B2KBA5
protein_3252	Q6ALW6
protein_3253	A1KRK1
protein_3254	C4Z088
protein_3255	Q8YRJ1
protein_3256	A9WFJ8
protein_3257	A0A7K1SAW5
protein_3258	P45742
protein_3259	Q59940
protein_3260	A1WSU0
protein_3261	A8Z5X0
protein_3262	Q02A42
protein_3263	Q30YQ7
protein_3264	P0A0R6
protein_3265	Q5JEV6
protein_3266	Q9AFC5
protein_3267	P28917
protein_3268	P96318
protein_3269	A0KMI7
protein_3270	A7ZEB6
protein_3271	B7J283
protein_3272	Q114R5
protein_3273	Q5HNW5
protein_3274	A0A1Z8AZZ8
protein_3275	A7I2G3
protein_3276	Q05646
protein_3277	Q835R5
protein_3278	Q2S307
protein_3279	B1GZJ0
protein_3280	Q1MSA2
protein_3281	P56116
protein_3282	Q6MGP8
protein_3283	Q8RHK0
protein_3284	P49941
protein_3285	Q88G93
protein_3286	A0A0C7ARE3
protein_3287	A0A1F3W7U1
protein_3288	A0A1H2GI90
protein_3289	A0A2T5PF56
protein_3290	P0AFX0
protein_3291	Q58991
protein_3292	Q2JM08
protein_3293	Q8RFS8
protein_3294	Q0ACK7
protein_3295	P0A5R3
protein_3296	O32277
protein_3297	A0RPW8
protein_3298	A8F851
protein_3299	Q1LPI8
protein_3300	Q1LI38
protein_3301	Q1LPL1
protein_3302	Q1LPD7
protein_3303	Q4L4H7
protein_3304	A0A5N1J4L4
protein_3305	Q5P3M1
protein_3306	Q88VX7
protein_3307	P32626
protein_3308	A5WG13
protein_3309	B4U605
protein_3310	B3WF00
protein_3311	Q03RP7
protein_3312	Q2NJ30
protein_3313	Q7MBC1
protein_3314	A5D2M7
protein_3315	B8GCC9
protein_3316	Q38199
protein_3317	P9WGI1
protein_3318	P9WQ23
protein_3319	Q548P6
protein_3320	A0A5Q4GS25
protein_3321	A0A6B2KNR6
protein_3322	Q1MRU5
protein_3323	P66835
protein_3324	P0A2V6
protein_3325	A7MGG4
protein_3326	P0A7B8
protein_3327	P60785
protein_3328	A0LG61
protein_3329	B3CUN9
protein_3330	Q0RPW3
protein_3331	Q72CE6
protein_3332	P0A8J4
protein_3333	Q9ZW34
protein_3334	B0RSM3
protein_3335	Q59662
protein_3336	A7GYI5
protein_3337	Q67NL1
protein_3338	A0KK57
protein_3339	C1DBV7
protein_3340	Q8K9L6
protein_3341	A8ZWU7
protein_3342	B9DUP8
protein_3343	Q1IHU1
protein_3344	O67304
protein_3345	P0A8T7
protein_3346	Q97D82
protein_3347	A6LSV5
protein_3348	B5Y8Q8
protein_3349	A0A2T3WD13
protein_3350	Q3J802
protein_3351	Q8CXG5
protein_3352	B2ICR0
protein_3353	Q7NJ40
protein_3354	A1B2U9
protein_3355	Q1LRP1
protein_3356	Q1LR36
protein_3357	Q1LI49
protein_3358	A0A2M9XIM0
protein_3359	A4IKI9
protein_3360	O06997
protein_3361	P13251
protein_3362	P46915
protein_3363	Q7WY58
protein_3364	Q82EU4
protein_3365	P71370
protein_3366	Q67JC7
protein_3367	Q6MNG0
protein_3368	B6YRF7
protein_3369	A1AT11
protein_3370	C5J6A7
protein_3371	Q1LLA9
protein_3372	A0LE47
protein_3373	C1FAF1
protein_3374	O27115
protein_3375	P34147
protein_3376	P9WHT9
protein_3377	P0ABN1
protein_3378	B1Y787
protein_3379	Q1LIP8
protein_3380	Q1LJ33
protein_3381	Q1LRA3
protein_3382	Q1LHK7
protein_3383	E4PJF6
protein_3384	A3PJF5
protein_3385	A8F1N7
protein_3386	B2S3M6
protein_3387	Q28PI4
protein_3388	Q6FZ96
protein_3389	Q7VYV6
protein_3390	Q89B27
protein_3391	A5EES8
protein_3392	B3EUH8
protein_3393	P80469
protein_3394	P0CY50
protein_3395	P38586
protein_3396	Q04810
protein_3397	C5CGT6
protein_3398	Q2SL19
protein_3399	Q9RUL2
protein_3400	P9WGU1
protein_3401	P0AAB8
protein_3402	A8FAD6
protein_3403	Q6A947
protein_3404	A0A159BP93
protein_3405	P9WGJ7
protein_3406	P0ACG8
protein_3407	A0A7Y2AZE8
protein_3408	C0QM57
protein_3409	Q3KD42
protein_3410	Q93LK9
protein_3411	P45453
protein_3412	P35150
protein_3413	A0M6J7
protein_3414	P26180
protein_3415	A0A7W4LL23
protein_3416	Q9RC82
protein_3417	Q9ZN78
protein_3418	Q03415
protein_3419	Q7NZ47
protein_3420	O53638
protein_3421	P0A0B7
protein_3422	P9WHV4
protein_3423	H9L427
protein_3424	P37484
protein_3425	P26902
protein_3426	A0PZS6
protein_3427	P07999
protein_3428	P37558
protein_3429	Q8D382
protein_3430	A1U6U1
protein_3431	A7Z830
protein_3432	B8CWG2
protein_3433	Q0STN1
protein_3434	Q1LS04
protein_3435	Q1LJR3
protein_3436	Q1LNF2
protein_3437	Q1LIV4
protein_3438	Q7P0P8
protein_3439	Q1IJS7
protein_3440	P19824
protein_3441	B2A618
protein_3442	A0M3P0
protein_3443	B2KCF8
protein_3444	Q180E4
protein_3445	Q72QU2
protein_3446	P0ADS6
protein_3447	A0Q5J9
protein_3448	B0WQG0
protein_3449	O67547
protein_3450	P0AF61
protein_3451	P76106
protein_3452	P9WMY9
protein_3453	P0ABS1
protein_3454	A0A7V9QCH9
protein_3455	A0A7Y1TD46
protein_3456	A9B1H0
protein_3457	P57133
protein_3458	P0A0E9
protein_3459	A0A060US33
protein_3460	A0A147H753
protein_3461	P50026
protein_3462	Q7NBW0
protein_3463	P94695
protein_3464	Q7V5B7
protein_3465	A3DDC2
protein_3466	A0A2Z3JRM3
protein_3467	B2A3Q4
protein_3468	D2NQQ7
protein_3469	Q4L3G8
protein_3470	A0A4R6U6E3
protein_3471	O07520
protein_3472	P15281
protein_3473	P49780
protein_3474	Q7WY59
protein_3475	P07791
protein_3476	P0A8Q6
protein_3477	Q68WS8
protein_3478	Q89P00
protein_3479	P07102
protein_3480	P9WQJ9
protein_3481	A0A2N2ULV6
protein_3482	A0A359ENL1
protein_3483	P23874
protein_3484	P9WKA9
protein_3485	P9WLN2
protein_3486	P9WGG9
protein_3487	B0TFI9
protein_3488	Q16BP2
protein_3489	Q7NB37
protein_3490	Q8G4L4
protein_3491	P45053
protein_3492	Q7NXI4
protein_3493	A0ALG6
protein_3494	B2IFJ6
protein_3495	A0A7Y5PFA3
protein_3496	P05043
protein_3497	P06533
protein_3498	Q08787
protein_3499	O34391
protein_3500	P26904
protein_3501	A0A368JGQ1
protein_3502	Q1ATQ4
protein_3503	Q1LSE0
protein_3504	Q45060
protein_3505	A7GBI7
protein_3506	P54598
protein_3507	P29945
protein_3508	B2GBQ6
protein_3509	Q3IDD5
protein_3510	A0A0C1U1N5
protein_3511	Q1LNF5
protein_3512	C7RB40
protein_3513	A1AXV2
protein_3514	A8MG50
protein_3515	B8GXP4
protein_3516	Q1H3B7
protein_3517	Q607A4
protein_3518	Q31F93
protein_3519	A0LH27
protein_3520	A8EWT7
protein_3521	B7KLH9
protein_3522	Q11B39
protein_3523	Q5LED3
protein_3524	A0A218VKQ6
protein_3525	P23837
protein_3526	P77790
protein_3527	A1JKU0
protein_3528	A2RNZ5
protein_3529	A8ZXM2
protein_3530	B8GUR7
protein_3531	Q1AWM0
protein_3532	A3DDI1
protein_3533	A7NRZ0
protein_3534	B2GKG9
protein_3535	P62186
protein_3536	P37873
protein_3537	Q2NE66
protein_3538	Q6LUA8
protein_3539	Q9HHC2
protein_3540	A7Z972
protein_3541	P9WGZ1
protein_3542	Q02GB1
protein_3543	Q54089
protein_3544	Q603S3
protein_3545	Q98PL0
protein_3546	A0A557QGA6
protein_3547	A0A6I1KGJ9
protein_3548	Q8L2F3
protein_3549	A5IKR3
protein_3550	B9KH48
